Rk,G,Date,Age,Tm,,Opp,GS,MP,FG,FGA,FG%,3P,3PA,3P%,FT,FTA,FT%,ORB,DRB,TRB,AST,STL,BLK,TOV,PF,PTS,GmSc,+/-
1,,30/10/2012,22-054,WAS,@,CLE,Inactive,Inactive,Inactive,Inactive,Inactive,Inactive,Inactive,Inactive,Inactive,Inactive,Inactive,Inactive,Inactive,Inactive,Inactive,Inactive,Inactive,Inactive,Inactive,Inactive,Inactive,Inactive
2,,03/11/2012,22-058,WAS,,BOS,Inactive,Inactive,Inactive,Inactive,Inactive,Inactive,Inactive,Inactive,Inactive,Inactive,Inactive,Inactive,Inactive,Inactive,Inactive,Inactive,Inactive,Inactive,Inactive,Inactive,Inactive,Inactive
3,,07/11/2012,22-062,WAS,@,BOS,Inactive,Inactive,Inactive,Inactive,Inactive,Inactive,Inactive,Inactive,Inactive,Inactive,Inactive,Inactive,Inactive,Inactive,Inactive,Inactive,Inactive,Inactive,Inactive,Inactive,Inactive,Inactive
4,,09/11/2012,22-064,WAS,,MIL,Inactive,Inactive,Inactive,Inactive,Inactive,Inactive,Inactive,Inactive,Inactive,Inactive,Inactive,Inactive,Inactive,Inactive,Inactive,Inactive,Inactive,Inactive,Inactive,Inactive,Inactive,Inactive
5,,10/11/2012,22-065,WAS,@,IND,Inactive,Inactive,Inactive,Inactive,Inactive,Inactive,Inactive,Inactive,Inactive,Inactive,Inactive,Inactive,Inactive,Inactive,Inactive,Inactive,Inactive,Inactive,Inactive,Inactive,Inactive,Inactive
6,,13/11/2012,22-068,WAS,@,CHA,Inactive,Inactive,Inactive,Inactive,Inactive,Inactive,Inactive,Inactive,Inactive,Inactive,Inactive,Inactive,Inactive,Inactive,Inactive,Inactive,Inactive,Inactive,Inactive,Inactive,Inactive,Inactive
7,,14/11/2012,22-069,WAS,@,DAL,Inactive,Inactive,Inactive,Inactive,Inactive,Inactive,Inactive,Inactive,Inactive,Inactive,Inactive,Inactive,Inactive,Inactive,Inactive,Inactive,Inactive,Inactive,Inactive,Inactive,Inactive,Inactive
8,,17/11/2012,22-072,WAS,,UTA,Inactive,Inactive,Inactive,Inactive,Inactive,Inactive,Inactive,Inactive,Inactive,Inactive,Inactive,Inactive,Inactive,Inactive,Inactive,Inactive,Inactive,Inactive,Inactive,Inactive,Inactive,Inactive
9,,19/11/2012,22-074,WAS,,IND,Inactive,Inactive,Inactive,Inactive,Inactive,Inactive,Inactive,Inactive,Inactive,Inactive,Inactive,Inactive,Inactive,Inactive,Inactive,Inactive,Inactive,Inactive,Inactive,Inactive,Inactive,Inactive
10,,21/11/2012,22-076,WAS,@,ATL,Inactive,Inactive,Inactive,Inactive,Inactive,Inactive,Inactive,Inactive,Inactive,Inactive,Inactive,Inactive,Inactive,Inactive,Inactive,Inactive,Inactive,Inactive,Inactive,Inactive,Inactive,Inactive
11,,24/11/2012,22-079,WAS,,CHA,Inactive,Inactive,Inactive,Inactive,Inactive,Inactive,Inactive,Inactive,Inactive,Inactive,Inactive,Inactive,Inactive,Inactive,Inactive,Inactive,Inactive,Inactive,Inactive,Inactive,Inactive,Inactive
12,,26/11/2012,22-081,WAS,,SAS,Inactive,Inactive,Inactive,Inactive,Inactive,Inactive,Inactive,Inactive,Inactive,Inactive,Inactive,Inactive,Inactive,Inactive,Inactive,Inactive,Inactive,Inactive,Inactive,Inactive,Inactive,Inactive
13,,28/11/2012,22-083,WAS,,POR,Inactive,Inactive,Inactive,Inactive,Inactive,Inactive,Inactive,Inactive,Inactive,Inactive,Inactive,Inactive,Inactive,Inactive,Inactive,Inactive,Inactive,Inactive,Inactive,Inactive,Inactive,Inactive
14,,30/11/2012,22-085,WAS,@,NYK,Inactive,Inactive,Inactive,Inactive,Inactive,Inactive,Inactive,Inactive,Inactive,Inactive,Inactive,Inactive,Inactive,Inactive,Inactive,Inactive,Inactive,Inactive,Inactive,Inactive,Inactive,Inactive
15,,04/12/2012,22-089,WAS,,MIA,Inactive,Inactive,Inactive,Inactive,Inactive,Inactive,Inactive,Inactive,Inactive,Inactive,Inactive,Inactive,Inactive,Inactive,Inactive,Inactive,Inactive,Inactive,Inactive,Inactive,Inactive,Inactive
16,,07/12/2012,22-092,WAS,@,ATL,Inactive,Inactive,Inactive,Inactive,Inactive,Inactive,Inactive,Inactive,Inactive,Inactive,Inactive,Inactive,Inactive,Inactive,Inactive,Inactive,Inactive,Inactive,Inactive,Inactive,Inactive,Inactive
17,,08/12/2012,22-093,WAS,,GSW,Inactive,Inactive,Inactive,Inactive,Inactive,Inactive,Inactive,Inactive,Inactive,Inactive,Inactive,Inactive,Inactive,Inactive,Inactive,Inactive,Inactive,Inactive,Inactive,Inactive,Inactive,Inactive
18,,11/12/2012,22-096,WAS,@,NOH,Inactive,Inactive,Inactive,Inactive,Inactive,Inactive,Inactive,Inactive,Inactive,Inactive,Inactive,Inactive,Inactive,Inactive,Inactive,Inactive,Inactive,Inactive,Inactive,Inactive,Inactive,Inactive
19,,12/12/2012,22-097,WAS,@,HOU,Inactive,Inactive,Inactive,Inactive,Inactive,Inactive,Inactive,Inactive,Inactive,Inactive,Inactive,Inactive,Inactive,Inactive,Inactive,Inactive,Inactive,Inactive,Inactive,Inactive,Inactive,Inactive
20,,14/12/2012,22-099,WAS,,LAL,Inactive,Inactive,Inactive,Inactive,Inactive,Inactive,Inactive,Inactive,Inactive,Inactive,Inactive,Inactive,Inactive,Inactive,Inactive,Inactive,Inactive,Inactive,Inactive,Inactive,Inactive,Inactive
21,,15/12/2012,22-100,WAS,@,MIA,Inactive,Inactive,Inactive,Inactive,Inactive,Inactive,Inactive,Inactive,Inactive,Inactive,Inactive,Inactive,Inactive,Inactive,Inactive,Inactive,Inactive,Inactive,Inactive,Inactive,Inactive,Inactive
22,,18/12/2012,22-103,WAS,,ATL,Inactive,Inactive,Inactive,Inactive,Inactive,Inactive,Inactive,Inactive,Inactive,Inactive,Inactive,Inactive,Inactive,Inactive,Inactive,Inactive,Inactive,Inactive,Inactive,Inactive,Inactive,Inactive
23,,19/12/2012,22-104,WAS,@,ORL,Inactive,Inactive,Inactive,Inactive,Inactive,Inactive,Inactive,Inactive,Inactive,Inactive,Inactive,Inactive,Inactive,Inactive,Inactive,Inactive,Inactive,Inactive,Inactive,Inactive,Inactive,Inactive
24,,21/12/2012,22-106,WAS,@,DET,Inactive,Inactive,Inactive,Inactive,Inactive,Inactive,Inactive,Inactive,Inactive,Inactive,Inactive,Inactive,Inactive,Inactive,Inactive,Inactive,Inactive,Inactive,Inactive,Inactive,Inactive,Inactive
25,,22/12/2012,22-107,WAS,,DET,Inactive,Inactive,Inactive,Inactive,Inactive,Inactive,Inactive,Inactive,Inactive,Inactive,Inactive,Inactive,Inactive,Inactive,Inactive,Inactive,Inactive,Inactive,Inactive,Inactive,Inactive,Inactive
26,,26/12/2012,22-111,WAS,,CLE,Inactive,Inactive,Inactive,Inactive,Inactive,Inactive,Inactive,Inactive,Inactive,Inactive,Inactive,Inactive,Inactive,Inactive,Inactive,Inactive,Inactive,Inactive,Inactive,Inactive,Inactive,Inactive
27,,28/12/2012,22-113,WAS,,ORL,Inactive,Inactive,Inactive,Inactive,Inactive,Inactive,Inactive,Inactive,Inactive,Inactive,Inactive,Inactive,Inactive,Inactive,Inactive,Inactive,Inactive,Inactive,Inactive,Inactive,Inactive,Inactive
28,,29/12/2012,22-114,WAS,@,CHI,Inactive,Inactive,Inactive,Inactive,Inactive,Inactive,Inactive,Inactive,Inactive,Inactive,Inactive,Inactive,Inactive,Inactive,Inactive,Inactive,Inactive,Inactive,Inactive,Inactive,Inactive,Inactive
29,,01/01/2013,22-117,WAS,,DAL,Inactive,Inactive,Inactive,Inactive,Inactive,Inactive,Inactive,Inactive,Inactive,Inactive,Inactive,Inactive,Inactive,Inactive,Inactive,Inactive,Inactive,Inactive,Inactive,Inactive,Inactive,Inactive
30,,02/01/2013,22-118,WAS,@,IND,Inactive,Inactive,Inactive,Inactive,Inactive,Inactive,Inactive,Inactive,Inactive,Inactive,Inactive,Inactive,Inactive,Inactive,Inactive,Inactive,Inactive,Inactive,Inactive,Inactive,Inactive,Inactive
31,,04/01/2013,22-120,WAS,,BRK,Inactive,Inactive,Inactive,Inactive,Inactive,Inactive,Inactive,Inactive,Inactive,Inactive,Inactive,Inactive,Inactive,Inactive,Inactive,Inactive,Inactive,Inactive,Inactive,Inactive,Inactive,Inactive
32,,06/01/2013,22-122,WAS,@,MIA,Inactive,Inactive,Inactive,Inactive,Inactive,Inactive,Inactive,Inactive,Inactive,Inactive,Inactive,Inactive,Inactive,Inactive,Inactive,Inactive,Inactive,Inactive,Inactive,Inactive,Inactive,Inactive
33,,07/01/2013,22-123,WAS,,OKC,Inactive,Inactive,Inactive,Inactive,Inactive,Inactive,Inactive,Inactive,Inactive,Inactive,Inactive,Inactive,Inactive,Inactive,Inactive,Inactive,Inactive,Inactive,Inactive,Inactive,Inactive,Inactive
34,1,12/01/2013,22-128,WAS,,ATL,0,20:54,5,11,0.455,0,0,,4,5,0.8,0,2,2,4,0,0,3,2,14,7.5,6
35,2,14/01/2013,22-130,WAS,,ORL,0,19:49,3,8,0.375,0,0,,6,6,1,1,0,1,6,1,0,2,0,12,11.5,1
36,3,16/01/2013,22-132,WAS,@,SAC,0,25:55:00,6,15,0.4,0,2,0,2,4,0.5,1,2,3,10,3,1,1,1,14,15.7,-3
37,4,18/01/2013,22-134,WAS,@,DEN,0,25:58:00,4,9,0.444,0,1,0,6,6,1,1,3,4,12,0,2,6,4,14,13.1,13
38,5,19/01/2013,22-135,WAS,@,LAC,0,30:41:00,7,16,0.438,0,2,0,10,14,0.714,0,3,3,6,2,2,3,4,24,17.9,2
39,6,21/01/2013,22-137,WAS,@,POR,0,26:22:00,2,8,0.25,0,0,,2,2,1,0,3,3,2,1,0,4,3,6,-0.7,-6
40,7,23/01/2013,22-139,WAS,@,UTA,0,26:40:00,5,11,0.455,0,0,,4,4,1,1,1,2,8,0,1,1,2,14,13.8,-9
41,8,25/01/2013,22-141,WAS,,MIN,1,20:58,6,10,0.6,0,0,,2,3,0.667,0,1,1,5,0,2,2,3,14,11,15
42,9,26/01/2013,22-142,WAS,,CHI,1,27:15:00,6,13,0.462,0,0,,3,4,0.75,0,3,3,7,1,0,4,1,15,10.3,18
43,10,28/01/2013,22-144,WAS,,SAC,1,29:56:00,9,16,0.563,0,0,,1,2,0.5,0,1,1,6,0,0,2,3,19,12.3,-2
44,11,30/01/2013,22-146,WAS,@,PHI,1,32:03:00,3,12,0.25,0,2,0,3,5,0.6,0,5,5,6,1,2,5,1,9,3.7,-1
45,12,01/02/2013,22-148,WAS,@,MEM,1,23:29,3,8,0.375,1,2,0.5,2,2,1,0,7,7,6,0,0,4,4,9,5.3,-9
46,13,02/02/2013,22-149,WAS,@,SAS,1,36:07:00,10,22,0.455,0,2,0,1,1,1,2,3,5,9,1,0,4,5,21,13.2,-9
47,14,04/02/2013,22-151,WAS,,LAC,1,32:09:00,6,18,0.333,0,0,,1,3,0.333,0,1,1,8,1,0,2,3,13,5.7,9
48,15,06/02/2013,22-153,WAS,,NYK,1,38:53:00,8,18,0.444,0,1,0,5,5,1,1,4,5,9,0,1,6,2,21,13.7,21
49,16,08/02/2013,22-155,WAS,,BRK,1,33:01:00,6,17,0.353,0,0,,3,3,1,1,3,4,9,4,0,2,5,15,13.4,15
50,17,11/02/2013,22-158,WAS,@,MIL,1,32:43:00,5,6,0.833,0,0,,4,6,0.667,0,4,4,10,1,0,7,1,14,12.8,0
51,18,13/02/2013,22-160,WAS,@,DET,1,36:08:00,4,11,0.364,0,1,0,8,10,0.8,0,3,3,9,2,1,3,0,16,16,-8
52,19,19/02/2013,22-166,WAS,,TOR,1,31:11:00,1,12,0.083,0,0,,7,8,0.875,0,3,3,6,3,2,7,3,9,1.9,-17
53,20,22/02/2013,22-169,WAS,,DEN,1,32:59:00,5,12,0.417,0,0,,4,4,1,1,0,1,10,1,3,6,3,14,11.2,1
54,21,23/02/2013,22-170,WAS,,HOU,1,34:33:00,4,10,0.4,0,0,,4,4,1,0,4,4,11,0,1,2,2,12,13.4,12
55,22,25/02/2013,22-172,WAS,@,TOR,1,24:16:00,3,11,0.273,0,0,,4,4,1,0,5,5,7,1,0,1,2,10,9.1,5
56,23,27/02/2013,22-174,WAS,,DET,1,24:02:00,3,9,0.333,0,0,,0,0,,0,1,1,4,1,0,7,1,6,-2.4,-12
57,24,01/03/2013,22-176,WAS,,NYK,1,42:11:00,6,14,0.429,0,1,0,4,4,1,1,2,3,7,3,1,5,3,16,12.3,-10
58,25,03/03/2013,22-178,WAS,,PHI,1,31:20:00,7,11,0.636,0,1,0,2,2,1,1,4,5,6,0,1,2,2,16,15.1,0
59,26,06/03/2013,22-181,WAS,@,MIN,1,38:49:00,7,15,0.467,0,1,0,5,5,1,1,2,3,7,3,1,6,3,19,14,1
60,27,08/03/2013,22-183,WAS,@,BRK,1,32:11:00,6,19,0.316,0,1,0,4,6,0.667,1,5,6,3,2,1,1,2,16,9.5,-17
61,28,09/03/2013,22-184,WAS,,CHA,1,30:23:00,6,11,0.545,1,1,1,0,1,0,0,2,2,6,1,2,3,0,13,11.5,9
62,29,12/03/2013,22-187,WAS,@,CLE,1,36:44:00,7,15,0.467,0,0,,13,14,0.929,2,5,7,14,1,1,4,4,27,27.7,12
63,30,13/03/2013,22-188,WAS,,MIL,1,42:58:00,10,19,0.526,1,2,0.5,2,3,0.667,1,5,6,10,4,0,2,2,23,23.7,16
64,31,15/03/2013,22-190,WAS,,NOH,1,33:36:00,12,15,0.8,3,3,1,2,2,1,1,3,4,9,2,0,3,1,29,29.8,12
65,32,16/03/2013,22-191,WAS,,PHO,1,32:00:00,8,11,0.727,0,0,,1,2,0.5,0,5,5,11,3,1,3,3,17,20.8,22
66,33,18/03/2013,22-193,WAS,@,CHA,1,33:00:00,8,17,0.471,1,1,1,8,9,0.889,1,3,4,5,2,1,6,6,25,15.3,-9
67,34,20/03/2013,22-195,WAS,@,PHO,1,35:50:00,7,14,0.5,0,0,,5,6,0.833,2,0,2,8,1,0,5,4,19,13,-6
68,35,22/03/2013,22-197,WAS,@,LAL,1,44:15:00,9,19,0.474,0,1,0,6,8,0.75,1,5,6,16,3,0,1,2,24,28.1,7
69,36,23/03/2013,22-198,WAS,@,GSW,1,23:37,6,12,0.5,0,0,,2,2,1,2,1,3,3,1,0,1,0,14,11.8,-13
70,37,25/03/2013,22-200,WAS,,MEM,1,44:33:00,13,22,0.591,2,4,0.5,19,24,0.792,0,7,7,8,1,1,2,2,47,41.4,26
71,38,27/03/2013,22-202,WAS,@,OKC,1,35:15:00,3,18,0.167,0,1,0,12,15,0.8,1,3,4,12,1,0,3,4,18,11.8,-19
72,39,29/03/2013,22-204,WAS,@,ORL,1,37:48:00,11,28,0.393,1,2,0.5,12,14,0.857,5,4,9,2,2,0,4,5,35,21.1,-5
73,40,31/03/2013,22-206,WAS,,TOR,1,34:50:00,7,15,0.467,1,3,0.333,3,4,0.75,0,6,6,10,0,1,1,4,18,16.8,28
74,41,02/04/2013,22-208,WAS,,CHI,1,36:53:00,8,17,0.471,0,0,,11,13,0.846,1,7,8,9,0,3,1,0,27,27.7,7
75,42,03/04/2013,22-209,WAS,@,TOR,1,32:35:00,5,17,0.294,0,1,0,10,10,1,1,4,5,5,0,0,2,3,20,12.3,-21
76,43,06/04/2013,22-212,WAS,,IND,1,38:10:00,16,25,0.64,0,0,,5,10,0.5,0,4,4,5,3,2,2,2,37,30.2,20
77,44,07/04/2013,22-213,WAS,@,BOS,1,39:44:00,8,20,0.4,0,3,0,0,0,,0,3,3,10,1,0,3,3,16,9.9,-11
78,45,09/04/2013,22-215,WAS,@,NYK,1,33:05:00,11,19,0.579,0,0,,11,14,0.786,0,3,3,3,1,0,4,0,33,22.9,-27
79,46,10/04/2013,22-216,WAS,,MIA,1,39:51:00,7,18,0.389,0,1,0,3,3,1,3,6,9,11,2,2,2,2,17,19.4,7
80,47,12/04/2013,22-218,WAS,,PHI,1,34:31:00,9,21,0.429,0,1,0,6,10,0.6,0,2,2,7,1,1,3,1,24,15.1,-12
81,48,15/04/2013,22-221,WAS,@,BRK,1,33:47:00,5,19,0.263,0,2,0,8,12,0.667,0,6,6,12,3,0,3,1,18,14.9,0
82,49,17/04/2013,22-223,WAS,@,CHI,1,38:10:00,8,21,0.381,1,2,0.5,6,8,0.75,1,2,3,4,0,0,1,3,23,12.6,-17
1,1,30/10/2013,23-054,WAS,@,DET,1,38:59:00,8,21,0.381,0,4,0,4,6,0.667,2,0,2,11,3,0,4,3,20,14.6,-8
2,2,01/11/2013,23-056,WAS,,PHI,1,33:56:00,10,19,0.526,2,3,0.667,4,6,0.667,0,5,5,6,3,0,2,3,26,21.4,-2
3,3,03/11/2013,23-058,WAS,@,MIA,1,39:02:00,4,12,0.333,1,4,0.25,2,2,1,2,2,4,9,1,0,5,5,11,6.5,-12
4,4,06/11/2013,23-061,WAS,@,PHI,1,35:49:00,8,16,0.5,5,8,0.625,3,4,0.75,0,3,3,9,1,1,2,4,24,20.9,19
5,5,08/11/2013,23-063,WAS,,BRK,1,42:43:00,4,14,0.286,1,4,0.25,8,8,1,0,6,6,14,4,0,4,1,17,20,17
6,6,10/11/2013,23-065,WAS,@,OKC,1,39:40:00,3,13,0.231,1,5,0.2,3,3,1,0,5,5,8,0,1,4,0,10,5.9,-1
7,7,12/11/2013,23-067,WAS,@,DAL,1,34:06:00,5,10,0.5,1,3,0.333,3,4,0.75,0,5,5,10,1,0,3,1,14,14.7,-2
8,8,13/11/2013,23-068,WAS,@,SAS,1,30:21:00,5,19,0.263,1,3,0.333,3,3,1,1,7,8,3,2,1,3,0,14,7.3,-2
9,9,16/11/2013,23-071,WAS,,CLE,1,37:47:00,3,13,0.231,0,4,0,3,3,1,0,2,2,12,1,0,1,0,9,10.1,-8
10,10,19/11/2013,23-074,WAS,,MIN,1,39:24:00,5,17,0.294,0,1,0,4,4,1,0,5,5,16,2,1,1,2,14,17.7,6
11,11,20/11/2013,23-075,WAS,@,CLE,1,40:48:00,6,16,0.375,0,1,0,3,3,1,0,4,4,10,4,0,3,1,15,15,13
12,12,22/11/2013,23-077,WAS,@,TOR,1,39:35:00,15,21,0.714,2,2,1,5,7,0.714,1,5,6,2,3,0,4,2,37,29.3,7
13,13,23/11/2013,23-078,WAS,,NYK,1,39:30:00,10,18,0.556,1,2,0.5,10,11,0.909,1,3,4,7,2,1,7,1,31,23.8,16
14,14,26/11/2013,23-081,WAS,,LAL,1,36:36:00,10,18,0.556,0,2,0,11,12,0.917,1,5,6,9,3,0,3,2,31,29.7,8
15,15,27/11/2013,23-082,WAS,@,MIL,1,38:36:00,7,18,0.389,3,6,0.5,2,2,1,0,2,2,6,5,0,5,1,19,13.6,10
16,16,29/11/2013,23-084,WAS,@,IND,1,34:42:00,4,14,0.286,0,2,0,0,0,,0,3,3,9,0,0,3,2,8,3.2,-15
17,17,30/11/2013,23-085,WAS,,ATL,1,38:45:00,9,18,0.5,2,6,0.333,6,11,0.545,0,6,6,12,5,0,3,2,26,26.4,16
18,18,02/12/2013,23-087,WAS,,ORL,1,29:24:00,5,14,0.357,2,4,0.5,4,4,1,1,3,4,13,1,0,3,1,16,16.5,26
19,19,06/12/2013,23-091,WAS,,MIL,1,47:30:00,9,23,0.391,0,5,0,12,13,0.923,0,3,3,8,2,3,5,5,30,20.7,5
20,20,09/12/2013,23-094,WAS,,DEN,1,38:16:00,8,20,0.4,2,5,0.4,2,4,0.5,1,4,5,8,3,1,4,3,20,14.4,0
21,21,13/12/2013,23-098,WAS,@,ATL,1,37:16:00,6,22,0.273,1,4,0.25,0,0,,0,4,4,11,0,0,4,4,13,3.3,-1
22,22,14/12/2013,23-099,WAS,,LAC,1,40:37:00,10,16,0.625,0,4,0,4,5,0.8,1,2,3,12,1,0,6,5,24,19.1,-15
23,23,16/12/2013,23-101,WAS,@,NYK,1,32:35:00,7,16,0.438,1,3,0.333,5,6,0.833,1,5,6,8,2,0,7,3,20,12.8,-6
24,24,18/12/2013,23-103,WAS,@,BRK,1,37:30:00,8,17,0.471,3,4,0.75,2,2,1,1,3,4,6,1,1,6,4,21,12.2,8
25,25,21/12/2013,23-106,WAS,@,BOS,1,36:29:00,8,18,0.444,1,5,0.2,3,4,0.75,0,3,3,9,6,1,1,4,20,21.5,16
26,26,27/12/2013,23-112,WAS,@,MIN,1,36:10:00,11,20,0.55,1,4,0.25,3,3,1,0,4,4,7,0,0,1,2,26,20.7,-16
27,27,28/12/2013,23-113,WAS,,DET,1,30:26:00,8,14,0.571,0,1,0,4,5,0.8,0,1,1,11,0,0,2,3,20,17.8,24
28,28,30/12/2013,23-115,WAS,@,DET,1,37:47:00,7,15,0.467,1,4,0.25,14,15,0.933,2,2,4,7,2,0,5,3,29,23.6,-10
29,29,01/01/2014,23-117,WAS,,DAL,1,41:49:00,8,18,0.444,1,6,0.167,5,5,1,3,4,7,5,1,0,7,3,22,12.2,-5
30,30,03/01/2014,23-119,WAS,,TOR,1,30:31:00,4,15,0.267,0,3,0,3,3,1,0,2,2,6,2,0,2,1,11,6.5,-24
31,31,05/01/2014,23-121,WAS,,GSW,1,37:47:00,4,11,0.364,2,3,0.667,4,4,1,2,1,3,10,3,1,2,3,14,17.1,-31
32,32,07/01/2014,23-123,WAS,@,CHA,1,31:47:00,5,16,0.313,2,7,0.286,5,5,1,1,1,2,8,0,0,0,2,17,13.6,13
33,33,08/01/2014,23-124,WAS,@,NOP,1,33:11:00,6,14,0.429,3,4,0.75,5,8,0.625,0,4,4,6,2,0,4,3,20,13.6,5
34,34,10/01/2014,23-126,WAS,@,IND,1,38:45:00,4,15,0.267,1,2,0.5,4,6,0.667,0,7,7,3,1,1,2,2,13,6.4,-13
35,35,11/01/2014,23-127,WAS,,HOU,1,42:41:00,8,22,0.364,1,3,0.333,6,8,0.75,0,2,2,10,2,0,3,4,23,15,1
36,36,13/01/2014,23-129,WAS,@,CHI,1,36:21:00,6,14,0.429,0,3,0,7,8,0.875,0,5,5,7,4,1,5,1,19,16.9,10
37,37,15/01/2014,23-131,WAS,,MIA,1,36:55:00,7,14,0.5,3,6,0.5,8,8,1,0,5,5,9,0,2,4,4,25,21.6,11
38,38,17/01/2014,23-133,WAS,,CHI,1,33:47:00,9,15,0.6,0,1,0,5,6,0.833,2,2,4,11,1,0,4,3,23,21.2,7
39,39,18/01/2014,23-134,WAS,,DET,1,36:43:00,15,23,0.652,2,2,1,2,4,0.5,0,4,4,6,1,0,4,2,34,24.7,3
40,40,20/01/2014,23-136,WAS,,PHI,1,31:20:00,6,14,0.429,0,1,0,2,2,1,0,5,5,5,1,2,3,2,14,10.2,10
41,41,22/01/2014,23-138,WAS,,BOS,1,44:04:00,9,29,0.31,0,4,0,10,13,0.769,1,10,11,10,3,0,6,5,28,15.8,-1
42,42,24/01/2014,23-140,WAS,@,PHO,1,35:06:00,6,12,0.5,2,3,0.667,4,5,0.8,1,2,3,12,2,1,2,3,18,20.8,16
43,43,25/01/2014,23-141,WAS,@,UTA,1,34:24:00,4,14,0.286,1,3,0.333,4,4,1,0,6,6,4,1,0,4,2,13,5.6,4
44,44,28/01/2014,23-144,WAS,@,GSW,1,35:58:00,6,19,0.316,3,6,0.5,0,0,,0,8,8,5,3,1,5,3,15,7.5,8
45,45,29/01/2014,23-145,WAS,@,LAC,1,34:51:00,7,12,0.583,0,3,0,5,6,0.833,0,4,4,11,2,0,3,2,19,20.1,-3
46,46,01/02/2014,23-148,WAS,,OKC,1,34:54:00,7,18,0.389,0,2,0,3,4,0.75,0,4,4,15,6,0,2,2,17,21.7,13
47,47,03/02/2014,23-150,WAS,,POR,1,36:27:00,7,15,0.467,2,4,0.5,6,6,1,0,5,5,5,3,2,2,4,22,20.1,10
48,48,05/02/2014,23-152,WAS,,SAS,1,44:18:00,12,29,0.414,2,5,0.4,3,4,0.75,0,5,5,9,4,1,4,1,29,21.2,-17
49,49,07/02/2014,23-154,WAS,,CLE,1,39:18:00,10,19,0.526,2,4,0.5,10,12,0.833,0,5,5,10,2,1,3,5,32,28.1,10
50,50,09/02/2014,23-156,WAS,,SAC,1,36:17:00,5,13,0.385,1,4,0.25,1,2,0.5,0,2,2,4,1,1,5,2,12,3.8,9
51,51,11/02/2014,23-158,WAS,@,MEM,1,32:37:00,2,10,0.2,0,4,0,1,2,0.5,0,3,3,5,0,0,4,4,5,-2.8,-4
52,52,12/02/2014,23-159,WAS,@,HOU,1,41:08:00,6,19,0.316,2,7,0.286,5,6,0.833,0,1,1,14,3,0,0,3,19,19.6,-6
53,53,18/02/2014,23-165,WAS,,TOR,1,39:19:00,9,19,0.474,1,3,0.333,3,4,0.75,0,2,2,7,3,0,5,4,22,13.8,-2
54,54,19/02/2014,23-166,WAS,@,ATL,1,33:51:00,8,19,0.421,3,6,0.5,2,2,1,1,4,5,12,1,1,0,0,21,22.9,13
55,55,22/02/2014,23-169,WAS,,NOP,1,31:41:00,4,9,0.444,0,2,0,2,3,0.667,0,5,5,12,1,1,5,3,10,10.3,8
56,56,23/02/2014,23-170,WAS,@,CLE,1,34:53:00,8,18,0.444,3,6,0.5,2,4,0.5,3,0,3,9,1,0,1,2,21,18.4,15
57,57,25/02/2014,23-172,WAS,,ORL,1,33:55:00,11,19,0.579,2,4,0.5,3,4,0.75,0,5,5,7,1,0,1,4,27,22.5,-3
58,58,27/02/2014,23-174,WAS,@,TOR,1,49:12:00,12,20,0.6,1,4,0.25,6,8,0.75,0,3,3,9,3,1,7,3,31,23.7,4
59,59,01/03/2014,23-176,WAS,@,PHI,1,29:16:00,6,10,0.6,1,1,1,4,4,1,1,2,3,16,2,0,3,4,17,22.3,30
60,60,03/03/2014,23-178,WAS,,MEM,1,38:02:00,8,16,0.5,2,5,0.4,5,7,0.714,0,6,6,9,1,1,4,4,23,18.4,0
61,61,05/03/2014,23-180,WAS,,UTA,1,33:43:00,7,15,0.467,0,2,0,0,0,,0,2,2,10,1,2,3,1,14,12.9,14
62,62,08/03/2014,23-183,WAS,@,MIL,1,35:53:00,4,14,0.286,1,4,0.25,0,0,,1,2,3,13,2,1,7,3,9,5.7,2
63,63,10/03/2014,23-185,WAS,@,MIA,1,33:55:00,2,8,0.25,2,4,0.5,1,2,0.5,1,5,6,8,1,0,7,3,7,2.4,-17
64,64,12/03/2014,23-187,WAS,,CHA,1,34:25:00,10,19,0.526,3,5,0.6,0,2,0,1,1,2,4,1,0,4,5,23,11.7,-13
65,65,14/03/2014,23-189,WAS,@,ORL,1,40:54:00,7,18,0.389,4,6,0.667,3,5,0.6,0,5,5,11,0,0,3,3,21,15.4,12
66,66,15/03/2014,23-190,WAS,,BRK,1,35:29:00,10,15,0.667,4,6,0.667,9,10,0.9,0,4,4,6,2,1,3,1,33,30.8,-1
67,67,18/03/2014,23-193,WAS,@,SAC,1,33:58:00,5,12,0.417,2,3,0.667,2,6,0.333,0,3,3,8,3,1,5,6,14,8.8,3
68,68,20/03/2014,23-195,WAS,@,POR,1,37:56:00,8,18,0.444,5,10,0.5,3,4,0.75,0,2,2,14,1,1,3,3,24,22.1,-11
69,69,21/03/2014,23-196,WAS,@,LAL,1,34:37:00,11,21,0.524,1,4,0.25,5,5,1,0,4,4,14,2,0,6,3,28,23.5,4
70,70,23/03/2014,23-198,WAS,@,DEN,1,35:11:00,6,13,0.462,1,3,0.333,2,3,0.667,0,3,3,5,3,1,8,4,15,6.4,1
71,71,26/03/2014,23-201,WAS,,PHO,1,41:11:00,10,22,0.455,2,6,0.333,7,10,0.7,0,1,1,6,2,1,4,2,29,18.8,-3
72,72,28/03/2014,23-203,WAS,,IND,1,38:00:00,9,21,0.429,1,6,0.167,1,1,1,0,2,2,8,2,1,4,3,20,12.6,3
73,73,29/03/2014,23-204,WAS,,ATL,1,36:28:00,10,20,0.5,3,4,0.75,2,6,0.333,2,5,7,6,3,0,2,3,25,20.3,1
74,74,31/03/2014,23-206,WAS,@,CHA,1,29:16:00,4,16,0.25,0,1,0,2,3,0.667,0,1,1,6,0,0,5,2,10,-1.3,-24
75,75,02/04/2014,23-208,WAS,,BOS,1,27:48:00,5,10,0.5,0,1,0,3,3,1,0,3,3,10,2,0,4,3,13,12.7,30
76,76,04/04/2014,23-210,WAS,@,NYK,1,34:13:00,8,14,0.571,1,2,0.5,2,2,1,0,4,4,9,1,0,7,3,19,12.7,5
77,77,05/04/2014,23-211,WAS,,CHI,1,36:09:00,8,17,0.471,2,4,0.5,2,3,0.667,0,3,3,6,0,0,1,3,20,13.8,-16
78,78,09/04/2014,23-215,WAS,,CHA,1,42:10:00,6,18,0.333,0,2,0,2,3,0.667,1,11,12,11,0,0,5,4,14,8.5,-7
79,79,11/04/2014,23-217,WAS,@,ORL,1,37:07:00,3,10,0.3,0,5,0,4,4,1,1,4,5,12,0,1,1,3,10,13,-9
80,80,12/04/2014,23-218,WAS,,MIL,1,33:28:00,5,12,0.417,0,0,,5,5,1,1,2,3,8,1,1,2,2,15,14.4,8
81,81,14/04/2014,23-220,WAS,,MIA,1,24:07:00,2,7,0.286,0,3,0,0,0,,0,2,2,13,1,0,2,2,4,7.8,13
82,82,16/04/2014,23-222,WAS,@,BOS,1,28:26:00,7,15,0.467,1,3,0.333,0,0,,0,0,0,9,2,0,2,0,15,13.6,20
1,1,29/10/2014,24-053,WAS,@,MIA,1,37:21:00,6,13,0.462,0,2,0,4,4,1,0,3,3,11,2,0,6,3,16,12.7,2
2,2,30/10/2014,24-054,WAS,@,ORL,1,36:44:00,10,21,0.476,2,5,0.4,8,9,0.889,0,5,5,12,2,0,2,2,30,28,16
3,3,01/11/2014,24-056,WAS,,MIL,1,37:58:00,6,14,0.429,1,4,0.25,6,9,0.667,0,6,6,10,5,1,4,3,19,19.7,25
4,4,04/11/2014,24-059,WAS,@,NYK,1,30:20:00,5,11,0.455,0,0,,1,4,0.25,0,1,1,7,2,0,3,1,11,7.9,10
5,5,05/11/2014,24-060,WAS,,IND,1,42:54:00,11,21,0.524,1,3,0.333,8,9,0.889,1,5,6,10,3,1,5,2,31,27.4,7
6,6,07/11/2014,24-062,WAS,@,TOR,1,30:20:00,3,13,0.231,0,3,0,2,2,1,1,2,3,7,0,0,2,3,8,3.1,-19
7,7,08/11/2014,24-063,WAS,@,IND,1,34:31:00,7,13,0.538,0,0,,4,6,0.667,0,3,3,4,4,0,4,2,18,13.8,8
8,8,12/11/2014,24-067,WAS,,DET,1,36:58:00,7,19,0.368,0,1,0,13,16,0.813,0,3,3,11,3,1,1,3,27,25.4,6
9,9,15/11/2014,24-070,WAS,,ORL,1,33:07:00,6,17,0.353,1,2,0.5,2,3,0.667,1,4,5,10,0,1,3,2,15,10.9,2
10,10,19/11/2014,24-074,WAS,,DAL,1,34:39:00,5,17,0.294,0,2,0,1,2,0.5,0,6,6,11,2,2,3,4,11,9,-6
11,11,21/11/2014,24-076,WAS,,CLE,1,36:44:00,12,20,0.6,1,4,0.25,3,5,0.6,0,6,6,7,4,0,4,3,28,23.5,12
12,12,22/11/2014,24-077,WAS,@,MIL,1,36:38:00,7,17,0.412,2,3,0.667,5,6,0.833,0,4,4,9,5,1,4,2,21,19.9,12
13,13,25/11/2014,24-080,WAS,,ATL,1,38:26:00,6,15,0.4,2,5,0.4,7,7,1,1,6,7,13,0,0,7,3,21,16.3,-1
14,14,26/11/2014,24-081,WAS,@,CLE,1,32:37:00,2,6,0.333,2,3,0.667,0,0,,0,4,4,7,0,0,5,2,6,2.9,-16
15,15,29/11/2014,24-084,WAS,,NOP,1,33:38:00,5,14,0.357,0,1,0,1,2,0.5,0,3,3,7,3,0,3,3,11,7.4,6
16,16,01/12/2014,24-086,WAS,,MIA,1,31:37:00,6,10,0.6,2,4,0.5,4,5,0.8,0,5,5,13,2,1,2,1,18,23.9,11
17,17,03/12/2014,24-088,WAS,,LAL,1,36:41:00,6,18,0.333,1,5,0.2,4,5,0.8,0,4,4,16,0,1,4,3,17,14.3,25
18,18,05/12/2014,24-090,WAS,,DEN,1,28:11:00,3,7,0.429,1,3,0.333,2,2,1,0,8,8,12,1,2,4,3,9,13.3,11
19,19,07/12/2014,24-092,WAS,@,BOS,1,41:31:00,5,13,0.385,0,2,0,7,8,0.875,0,8,8,14,3,3,6,3,17,19.6,0
20,20,08/12/2014,24-093,WAS,,BOS,1,44:11:00,10,17,0.588,1,3,0.333,5,8,0.625,1,6,7,17,3,0,9,4,26,23.7,6
21,21,10/12/2014,24-095,WAS,@,ORL,1,34:50:00,10,17,0.588,1,1,1,0,1,0,0,6,6,11,1,0,2,4,21,19.6,2
22,22,12/12/2014,24-097,WAS,,LAC,1,37:48:00,4,10,0.4,2,2,1,0,0,,0,1,1,11,1,2,3,4,10,10.4,6
23,23,14/12/2014,24-099,WAS,,UTA,1,35:46:00,8,15,0.533,0,2,0,0,2,0,2,4,6,8,5,3,5,1,16,17.8,5
24,24,16/12/2014,24-101,WAS,,MIN,1,38:23:00,9,17,0.529,2,4,0.5,1,2,0.5,0,4,4,17,2,0,3,1,21,24,20
25,25,19/12/2014,24-104,WAS,@,MIA,1,37:47:00,6,10,0.6,0,2,0,8,10,0.8,0,1,1,10,0,0,2,0,20,19.9,3
26,26,21/12/2014,24-106,WAS,,PHO,1,38:18:00,5,15,0.333,0,2,0,4,5,0.8,2,3,5,8,3,0,3,4,14,11.4,-9
27,27,23/12/2014,24-108,WAS,,CHI,1,37:00:00,9,16,0.563,0,0,,0,0,,0,5,5,9,2,0,4,5,18,14.2,3
28,28,25/12/2014,24-110,WAS,@,NYK,1,35:55:00,10,17,0.588,1,2,0.5,3,4,0.75,1,5,6,11,1,0,3,1,24,23.2,11
29,29,27/12/2014,24-112,WAS,,BOS,1,27:44:00,6,13,0.462,0,1,0,0,0,,0,4,4,7,3,0,5,3,12,8.2,18
30,30,29/12/2014,24-114,WAS,@,HOU,1,36:54:00,4,10,0.4,0,1,0,5,6,0.833,1,3,4,12,4,0,5,1,13,15.8,9
31,31,30/12/2014,24-115,WAS,@,DAL,1,30:34:00,4,7,0.571,0,1,0,3,4,0.75,1,3,4,8,0,1,3,2,11,11.4,-17
32,32,02/01/2015,24-118,WAS,@,OKC,1,33:36:00,5,13,0.385,2,6,0.333,2,2,1,0,2,2,12,0,1,1,2,14,14.8,-3
33,33,03/01/2015,24-119,WAS,@,SAS,1,35:42:00,7,13,0.538,0,2,0,1,2,0.5,0,3,3,8,1,0,1,1,15,14.4,-8
34,34,05/01/2015,24-121,WAS,@,NOP,1,33:47:00,6,15,0.4,0,4,0,3,4,0.75,0,1,1,12,4,0,6,1,15,12.8,4
35,35,07/01/2015,24-123,WAS,,NYK,1,33:31:00,5,9,0.556,1,1,1,7,9,0.778,0,5,5,8,3,0,3,2,18,19.2,18
36,36,09/01/2015,24-125,WAS,,CHI,1,34:52:00,6,15,0.4,0,1,0,4,4,1,0,4,4,12,2,1,3,1,16,16.8,25
37,37,11/01/2015,24-127,WAS,@,ATL,1,36:37:00,6,11,0.545,0,1,0,3,3,1,1,2,3,8,2,2,8,1,15,11.6,-8
38,38,13/01/2015,24-129,WAS,,SAS,1,35:55:00,9,15,0.6,2,3,0.667,5,6,0.833,0,1,1,8,0,2,3,0,25,22,1
39,39,14/01/2015,24-130,WAS,@,CHI,1,37:34:00,8,17,0.471,2,4,0.5,3,5,0.6,1,1,2,9,2,0,3,3,21,16.6,15
40,40,16/01/2015,24-132,WAS,,BRK,1,30:58:00,5,10,0.5,1,3,0.333,2,2,1,0,3,3,6,2,0,3,4,13,10.5,-22
41,41,17/01/2015,24-133,WAS,@,BRK,1,35:46:00,5,15,0.333,0,2,0,1,2,0.5,1,5,6,6,3,0,3,1,11,8.1,10
42,42,19/01/2015,24-135,WAS,,PHI,1,28:35:00,4,9,0.444,0,0,,3,3,1,1,3,4,10,1,0,5,2,11,10.1,19
43,43,21/01/2015,24-137,WAS,,OKC,1,43:51:00,6,17,0.353,2,6,0.333,4,4,1,0,6,6,13,4,0,3,5,18,18.4,5
44,44,24/01/2015,24-140,WAS,@,POR,1,35:23:00,10,17,0.588,0,1,0,5,5,1,1,3,4,9,1,0,3,4,25,21.4,4
45,45,25/01/2015,24-141,WAS,@,DEN,1,42:23:00,8,16,0.5,1,6,0.167,2,2,1,0,3,3,16,1,0,2,2,19,21.3,5
46,46,27/01/2015,24-143,WAS,@,LAL,1,36:23:00,8,12,0.667,0,0,,5,12,0.417,1,8,9,13,3,0,4,2,21,23.4,9
47,47,28/01/2015,24-144,WAS,@,PHO,1,36:11:00,5,16,0.313,1,3,0.333,0,0,,1,6,7,7,1,2,5,1,11,6.2,-6
48,48,31/01/2015,24-147,WAS,,TOR,1,44:31:00,8,16,0.5,1,3,0.333,11,15,0.733,1,7,8,12,1,0,2,5,28,26.6,7
49,49,02/02/2015,24-149,WAS,,CHO,1,34:11:00,4,14,0.286,1,4,0.25,7,7,1,1,0,1,10,0,0,4,4,16,9.9,-7
50,50,04/02/2015,24-151,WAS,@,ATL,1,38:32:00,9,15,0.6,3,5,0.6,3,4,0.75,0,7,7,9,1,0,2,3,24,22.9,-2
51,51,05/02/2015,24-152,WAS,@,CHO,1,38:11:00,6,13,0.462,0,1,0,3,4,0.75,0,3,3,13,1,0,4,1,15,14.5,10
52,52,07/02/2015,24-154,WAS,,BRK,1,26:14:00,6,12,0.5,3,5,0.6,2,3,0.667,0,2,2,7,0,0,5,1,17,10.7,13
53,53,09/02/2015,24-156,WAS,,ORL,1,33:04:00,3,10,0.3,1,5,0.2,2,3,0.667,0,10,10,10,1,1,3,1,9,11.1,19
54,54,11/02/2015,24-158,WAS,@,TOR,1,36:21:00,7,15,0.467,1,6,0.167,6,8,0.75,1,3,4,8,1,0,5,2,21,14.9,-7
55,55,20/02/2015,24-167,WAS,,CLE,1,32:23:00,8,16,0.5,0,2,0,2,2,1,2,3,5,9,1,2,4,2,18,16.2,-11
56,56,22/02/2015,24-169,WAS,@,DET,1,34:01:00,5,16,0.313,0,2,0,0,0,,0,2,2,12,0,0,2,1,10,7.4,-8
57,57,24/02/2015,24-171,WAS,,GSW,1,34:23:00,8,18,0.444,0,4,0,0,1,0,2,1,3,11,0,0,8,3,16,6.4,2
58,58,25/02/2015,24-172,WAS,@,MIN,1,34:39:00,2,10,0.2,1,2,0.5,0,0,,0,3,3,10,1,0,4,3,5,2.5,-16
59,59,27/02/2015,24-174,WAS,@,PHI,1,37:49:00,7,26,0.269,0,2,0,7,8,0.875,1,4,5,11,2,1,4,4,21,11.9,-8
60,60,28/02/2015,24-175,WAS,,DET,1,37:43:00,8,14,0.571,0,3,0,6,7,0.857,1,0,1,6,2,0,5,1,22,16.5,15
61,61,03/03/2015,24-178,WAS,@,CHI,1,38:30:00,8,20,0.4,1,4,0.25,4,7,0.571,2,2,4,11,2,2,6,1,21,15.7,0
62,62,06/03/2015,24-181,WAS,,MIA,1,34:34:00,2,7,0.286,0,3,0,2,2,1,1,6,7,12,3,2,0,1,6,16.8,5
63,63,07/03/2015,24-182,WAS,@,MIL,1,36:28:00,3,14,0.214,2,6,0.333,3,5,0.6,2,7,9,6,2,0,3,1,11,7.9,-13
64,64,09/03/2015,24-184,WAS,@,CHO,1,29:16:00,7,11,0.636,1,2,0.5,0,0,,0,5,5,9,3,1,3,1,15,18.2,20
65,65,12/03/2015,24-187,WAS,,MEM,1,29:55:00,8,11,0.727,1,2,0.5,4,5,0.8,0,7,7,6,1,2,2,1,21,22.4,24
66,66,14/03/2015,24-189,WAS,,SAC,1,38:32:00,9,15,0.6,4,5,0.8,9,10,0.9,0,2,2,12,1,1,5,2,31,28.6,9
67,67,16/03/2015,24-191,WAS,,POR,1,41:23:00,10,23,0.435,0,1,0,1,2,0.5,0,9,9,11,2,2,2,1,21,19.9,2
68,68,18/03/2015,24-193,WAS,@,UTA,1,37:04:00,9,13,0.692,0,1,0,6,7,0.857,0,9,9,6,0,0,4,3,24,19.8,7
69,69,20/03/2015,24-195,WAS,@,LAC,1,39:13:00,7,18,0.389,1,3,0.333,4,5,0.8,1,5,6,10,1,0,3,3,19,14.8,-21
70,70,22/03/2015,24-197,WAS,@,SAC,1,33:02:00,3,10,0.3,1,3,0.333,2,2,1,0,4,4,8,1,0,4,1,9,6.6,-19
71,71,23/03/2015,24-198,WAS,@,GSW,1,32:44:00,4,16,0.25,0,3,0,3,3,1,0,5,5,5,0,0,0,4,11,4.8,-28
72,72,25/03/2015,24-200,WAS,,IND,1,40:32:00,11,21,0.524,2,4,0.5,10,11,0.909,0,4,4,6,2,1,2,5,34,27.4,-1
73,73,27/03/2015,24-202,WAS,,CHO,1,48:29:00,12,30,0.4,2,4,0.5,6,8,0.75,0,9,9,6,2,0,6,4,32,16.3,-5
74,74,29/03/2015,24-204,WAS,,HOU,1,42:48:00,7,17,0.412,0,1,0,11,12,0.917,2,6,8,12,4,1,7,4,25,23.2,-3
75,75,01/04/2015,24-207,WAS,,PHI,1,29:52:00,6,11,0.545,1,2,0.5,0,0,,0,4,4,15,1,0,6,1,13,14,30
76,76,03/04/2015,24-209,WAS,,NYK,1,28:58:00,3,13,0.231,0,1,0,0,0,,0,2,2,18,2,0,4,2,6,8.5,24
77,77,04/04/2015,24-210,WAS,@,MEM,1,36:28:00,7,15,0.467,1,3,0.333,3,3,1,0,6,6,14,0,0,5,0,18,16.9,13
78,,08/04/2015,24-214,WAS,@,PHI,Inactive,Inactive,Inactive,Inactive,Inactive,Inactive,Inactive,Inactive,Inactive,Inactive,Inactive,Inactive,Inactive,Inactive,Inactive,Inactive,Inactive,Inactive,Inactive,Inactive,Inactive,Inactive
79,,10/04/2015,24-216,WAS,@,BRK,Inactive,Inactive,Inactive,Inactive,Inactive,Inactive,Inactive,Inactive,Inactive,Inactive,Inactive,Inactive,Inactive,Inactive,Inactive,Inactive,Inactive,Inactive,Inactive,Inactive,Inactive,Inactive
80,78,12/04/2015,24-218,WAS,,ATL,1,35:14:00,9,20,0.45,2,4,0.5,4,4,1,0,4,4,9,2,1,10,2,24,13,14
81,79,14/04/2015,24-220,WAS,@,IND,1,44:19:00,7,23,0.304,0,5,0,2,3,0.667,0,2,2,11,2,0,5,2,16,6.8,-13
82,,15/04/2015,24-221,WAS,@,CLE,Did Not Play,Did Not Play,Did Not Play,Did Not Play,Did Not Play,Did Not Play,Did Not Play,Did Not Play,Did Not Play,Did Not Play,Did Not Play,Did Not Play,Did Not Play,Did Not Play,Did Not Play,Did Not Play,Did Not Play,Did Not Play,Did Not Play,Did Not Play,Did Not Play,Did Not Play
1,1,28/10/2015,25-052,WAS,@,ORL,1,39:23:00,9,18,0.5,2,6,0.333,2,6,0.333,1,6,7,6,3,5,6,3,22,17.4,10
2,2,30/10/2015,25-054,WAS,@,MIL,1,33:53:00,4,10,0.4,1,4,0.25,10,10,1,0,1,1,10,2,1,5,1,19,18.2,3
3,3,31/10/2015,25-055,WAS,,NYK,1,35:45:00,8,17,0.471,2,4,0.5,7,11,0.636,2,1,3,4,1,2,3,3,25,17.4,-9
4,4,04/11/2015,25-059,WAS,,SAS,1,35:20:00,6,16,0.375,1,5,0.2,4,5,0.8,0,2,2,13,4,1,1,3,17,20,14
5,5,06/11/2015,25-061,WAS,@,BOS,1,28:28:00,6,17,0.353,0,3,0,1,1,1,2,3,5,8,3,3,8,4,13,6.9,4
6,6,07/11/2015,25-062,WAS,@,ATL,1,36:16:00,6,16,0.375,2,6,0.333,5,5,1,1,1,2,11,2,1,7,2,19,13.8,-5
7,7,10/11/2015,25-065,WAS,,OKC,1,25:04:00,4,13,0.308,0,2,0,1,1,1,0,2,2,5,2,0,0,2,9,6.8,-19
8,8,14/11/2015,25-069,WAS,,ORL,1,34:31:00,5,14,0.357,1,5,0.2,4,6,0.667,0,3,3,11,1,1,4,2,15,11.9,9
9,9,17/11/2015,25-072,WAS,,MIL,1,31:17:00,7,10,0.7,2,5,0.4,3,6,0.5,0,6,6,9,0,0,5,1,19,16.3,30
10,10,21/11/2015,25-076,WAS,@,DET,1,27:04:00,4,11,0.364,0,2,0,0,0,,0,2,2,7,2,0,2,3,8,6.2,-20
11,11,24/11/2015,25-079,WAS,,IND,1,30:32:00,5,9,0.556,3,4,0.75,5,5,1,0,4,4,5,0,0,8,3,18,9.2,-24
12,12,25/11/2015,25-080,WAS,@,CHO,1,35:33:00,6,18,0.333,2,7,0.286,0,0,,3,2,5,6,6,0,5,2,14,10.9,-2
13,13,27/11/2015,25-082,WAS,@,BOS,1,29:16:00,4,11,0.364,0,2,0,2,3,0.667,1,3,4,6,0,0,3,1,10,5.9,-28
14,14,28/11/2015,25-083,WAS,,TOR,1,39:09:00,6,25,0.24,1,4,0.25,5,8,0.625,1,2,3,5,3,0,3,2,18,5.7,-2
15,15,01/12/2015,25-086,WAS,@,CLE,1,40:56:00,14,24,0.583,3,5,0.6,4,5,0.8,0,4,4,10,5,0,5,3,35,30.4,18
16,16,02/12/2015,25-087,WAS,,LAL,1,36:19:00,11,19,0.579,3,6,0.5,9,12,0.75,1,6,7,11,2,0,5,1,34,30.7,7
17,17,04/12/2015,25-089,WAS,,PHO,1,37:02:00,5,13,0.385,2,4,0.5,5,6,0.833,1,5,6,9,2,0,7,3,17,11.8,-1
18,18,06/12/2015,25-091,WAS,,DAL,1,40:08:00,12,22,0.545,0,3,0,4,4,1,0,4,4,10,5,0,2,2,28,27.8,-5
19,19,07/12/2015,25-092,WAS,@,MIA,1,38:20:00,9,13,0.692,1,1,1,7,7,1,0,1,1,7,1,0,2,0,26,24.7,17
20,20,09/12/2015,25-094,WAS,,HOU,1,39:27:00,12,24,0.5,0,4,0,2,2,1,2,7,9,12,3,1,4,3,26,24.4,-1
21,21,11/12/2015,25-096,WAS,@,NOP,1,36:37:00,10,18,0.556,3,6,0.5,3,5,0.6,0,7,7,12,1,0,5,2,26,22.3,2
22,22,12/12/2015,25-097,WAS,@,DAL,1,38:25:00,10,19,0.526,3,4,0.75,3,3,1,0,5,5,16,1,2,3,2,26,28,3
23,23,14/12/2015,25-099,WAS,@,MEM,1,28:28:00,2,11,0.182,2,7,0.286,0,0,,0,2,2,9,0,0,4,0,6,2,-17
24,24,16/12/2015,25-101,WAS,@,SAS,1,38:05:00,6,18,0.333,1,3,0.333,7,8,0.875,1,4,5,11,1,0,5,1,20,14.6,0
25,25,19/12/2015,25-104,WAS,,CHO,1,41:44:00,10,21,0.476,2,5,0.4,5,6,0.833,0,4,4,12,3,1,8,1,27,20.8,8
26,26,21/12/2015,25-106,WAS,,SAC,1,39:20:00,4,15,0.267,1,3,0.333,3,3,1,0,2,2,19,4,0,5,3,12,14.8,27
27,27,23/12/2015,25-108,WAS,,MEM,1,37:23:00,5,18,0.278,2,7,0.286,2,2,1,0,5,5,14,1,1,4,1,14,12,8
28,28,26/12/2015,25-111,WAS,@,BRK,1,34:14:00,9,17,0.529,2,3,0.667,2,3,0.667,2,2,4,13,1,2,3,1,22,23.4,14
29,29,28/12/2015,25-113,WAS,,LAC,1,36:06:00,10,23,0.435,1,2,0.5,2,3,0.667,4,1,5,11,1,1,6,1,23,16.6,-13
30,30,30/12/2015,25-115,WAS,@,TOR,1,40:48:00,8,23,0.348,0,6,0,3,4,0.75,0,7,7,11,5,1,2,3,19,18,-4
31,31,01/01/2016,25-117,WAS,,ORL,1,38:58:00,10,19,0.526,0,3,0,4,4,1,1,1,2,13,2,1,5,1,24,22.1,5
32,32,03/01/2016,25-119,WAS,,MIA,1,34:02:00,6,21,0.286,1,6,0.167,1,2,0.5,0,4,4,5,1,0,0,3,14,5.8,-20
33,33,06/01/2016,25-122,WAS,,CLE,1,40:23:00,8,19,0.421,4,4,1,0,2,0,0,3,3,12,1,0,7,2,20,11.6,-5
34,34,08/01/2016,25-124,WAS,,TOR,1,36:34:00,8,20,0.4,2,5,0.4,3,3,1,0,2,2,4,0,3,7,1,21,8.3,-3
35,35,09/01/2016,25-125,WAS,@,ORL,1,35:10:00,10,17,0.588,3,6,0.5,1,1,1,0,5,5,10,4,0,7,2,24,20.8,7
36,36,11/01/2016,25-127,WAS,@,CHI,1,34:44:00,7,19,0.368,2,4,0.5,1,1,1,0,5,5,10,3,1,2,3,17,15.5,12
37,37,13/01/2016,25-129,WAS,,MIL,1,37:28:00,6,14,0.429,1,3,0.333,6,8,0.75,1,4,5,8,1,1,6,3,19,12.8,-9
38,38,15/01/2016,25-131,WAS,@,IND,1,31:23:00,12,21,0.571,1,3,0.333,3,5,0.6,2,5,7,8,1,0,3,1,28,23.4,7
39,39,16/01/2016,25-132,WAS,,BOS,1,43:56:00,12,25,0.48,1,2,0.5,11,13,0.846,1,6,7,13,7,1,6,3,36,34.6,-5
40,40,18/01/2016,25-134,WAS,,POR,1,35:32:00,4,17,0.235,1,3,0.333,0,0,,0,4,4,10,3,0,3,3,9,5.7,-9
41,41,20/01/2016,25-136,WAS,,MIA,1,31:46:00,7,14,0.5,1,5,0.2,3,3,1,0,4,4,10,0,0,3,5,18,14.2,18
42,42,25/01/2016,25-141,WAS,,BOS,1,32:46:00,3,11,0.273,0,3,0,2,4,0.5,0,2,2,10,1,2,4,2,8,5.9,-16
43,43,26/01/2016,25-142,WAS,@,TOR,1,35:33:00,6,17,0.353,1,3,0.333,5,6,0.833,1,1,2,14,0,0,5,2,18,13.1,-3
44,44,28/01/2016,25-144,WAS,,DEN,1,40:58:00,5,17,0.294,2,7,0.286,5,6,0.833,2,5,7,9,4,2,3,3,17,17.1,0
45,45,30/01/2016,25-146,WAS,@,HOU,1,35:42:00,7,22,0.318,1,5,0.2,4,5,0.8,0,8,8,13,1,2,4,4,19,14.3,-5
46,46,01/02/2016,25-148,WAS,@,OKC,1,40:58:00,7,17,0.412,0,4,0,3,4,0.75,0,4,4,8,2,3,6,1,17,12,-15
47,47,03/02/2016,25-150,WAS,,GSW,1,34:44:00,17,25,0.68,3,3,1,4,6,0.667,1,2,3,10,2,0,3,4,41,35.2,-2
48,48,05/02/2016,25-152,WAS,,PHI,1,33:03:00,7,13,0.538,3,5,0.6,1,2,0.5,0,13,13,10,2,1,3,1,18,21.5,25
49,49,06/02/2016,25-153,WAS,@,CHO,1,39:38:00,7,17,0.412,2,4,0.5,7,8,0.875,0,6,6,10,2,0,2,3,23,21.1,-16
50,50,09/02/2016,25-156,WAS,@,NYK,1,43:11:00,10,24,0.417,3,5,0.6,5,6,0.833,0,5,5,17,1,0,1,1,28,27.8,8
51,51,11/02/2016,25-158,WAS,@,MIL,1,41:47:00,5,19,0.263,3,12,0.25,2,2,1,0,4,4,10,2,2,7,0,15,8.3,-5
52,52,18/02/2016,25-165,WAS,,UTA,1,34:01:00,7,17,0.412,2,4,0.5,1,2,0.5,0,6,6,11,4,0,2,1,17,18.6,18
53,53,19/02/2016,25-166,WAS,,DET,1,34:53:00,8,17,0.471,2,7,0.286,4,4,1,0,8,8,8,1,1,2,2,22,20.2,24
54,54,20/02/2016,25-167,WAS,@,MIA,1,33:21:00,5,17,0.294,0,3,0,2,2,1,1,3,4,4,0,1,2,1,12,4.8,-21
55,55,23/02/2016,25-170,WAS,,NOP,1,31:37:00,5,17,0.294,3,6,0.5,3,5,0.6,0,12,12,11,2,1,3,3,16,15.1,23
56,56,24/02/2016,25-171,WAS,@,CHI,1,31:40:00,6,15,0.4,1,4,0.25,3,5,0.6,0,4,4,7,3,0,1,3,16,14,-11
57,57,26/02/2016,25-173,WAS,@,PHI,1,38:56:00,9,19,0.474,0,3,0,5,5,1,2,6,8,11,1,1,4,2,23,21.1,7
58,58,28/02/2016,25-175,WAS,,CLE,1,29:22:00,8,11,0.727,1,3,0.333,4,5,0.8,0,7,7,13,0,0,3,3,21,23.1,23
59,59,29/02/2016,25-176,WAS,,PHI,1,41:55:00,13,26,0.5,2,4,0.5,9,12,0.75,1,3,4,7,3,1,2,1,37,30.6,8
60,60,02/03/2016,25-178,WAS,@,MIN,1,37:49:00,6,18,0.333,0,3,0,2,2,1,1,3,4,12,2,0,5,0,14,10.8,0
61,61,04/03/2016,25-180,WAS,@,CLE,1,27:58:00,8,14,0.571,0,2,0,1,2,0.5,0,8,8,7,0,0,2,2,17,14.5,-21
62,62,05/03/2016,25-181,WAS,,IND,1,39:20:00,9,24,0.375,1,4,0.25,6,8,0.75,0,6,6,12,2,0,7,3,25,15,2
63,63,08/03/2016,25-184,WAS,@,POR,1,40:16:00,8,25,0.32,3,6,0.5,1,4,0.25,1,4,5,11,2,3,1,4,20,15.6,-13
64,64,11/03/2016,25-187,WAS,@,UTA,1,34:15:00,9,18,0.5,1,4,0.25,5,6,0.833,0,4,4,9,1,0,4,2,24,18.3,-16
65,65,12/03/2016,25-188,WAS,@,DEN,1,40:33:00,6,15,0.4,1,3,0.333,6,7,0.857,1,4,5,11,0,1,6,0,19,14.8,-18
66,66,14/03/2016,25-190,WAS,,DET,1,27:47:00,6,12,0.5,0,1,0,3,3,1,0,5,5,12,1,0,1,2,15,18.1,27
67,67,16/03/2016,25-192,WAS,,CHI,1,39:03:00,11,19,0.579,2,3,0.667,5,6,0.833,1,9,10,12,3,1,8,0,29,27.2,38
68,68,17/03/2016,25-193,WAS,@,PHI,1,36:38:00,4,17,0.235,0,3,0,8,8,1,1,12,13,14,2,0,9,3,16,11.6,4
69,69,19/03/2016,25-195,WAS,,NYK,1,39:12:00,8,17,0.471,2,3,0.667,6,6,1,0,2,2,10,1,1,1,1,24,23.2,19
70,70,21/03/2016,25-197,WAS,@,ATL,1,35:57:00,10,21,0.476,3,5,0.6,4,5,0.8,0,3,3,14,2,0,4,2,27,23.8,14
71,71,23/03/2016,25-199,WAS,,ATL,1,36:55:00,6,17,0.353,1,2,0.5,0,0,,0,3,3,10,2,1,7,2,13,6.3,-7
72,72,25/03/2016,25-201,WAS,,MIN,1,48:42:00,8,22,0.364,3,7,0.429,3,3,1,1,2,3,16,2,0,4,3,22,19.1,1
73,73,27/03/2016,25-203,WAS,@,LAL,1,33:28:00,9,16,0.563,2,5,0.4,2,2,1,0,5,5,13,1,0,7,2,22,18.2,18
74,74,29/03/2016,25-205,WAS,@,GSW,1,34:13:00,4,14,0.286,0,3,0,0,2,0,1,4,5,11,1,4,2,2,8,9.6,-20
75,75,30/03/2016,25-206,WAS,@,SAC,1,40:10:00,4,16,0.25,2,5,0.4,4,5,0.8,0,7,7,13,1,1,5,1,14,11.5,3
76,76,01/04/2016,25-208,WAS,@,PHO,1,41:04:00,9,20,0.45,2,5,0.4,2,2,1,0,8,8,10,2,0,6,4,22,15.4,10
77,77,03/04/2016,25-210,WAS,@,LAC,1,31:45:00,5,14,0.357,3,7,0.429,2,2,1,0,2,2,13,1,0,3,3,15,13.7,-5
78,,06/04/2016,25-213,WAS,,BRK,Inactive,Inactive,Inactive,Inactive,Inactive,Inactive,Inactive,Inactive,Inactive,Inactive,Inactive,Inactive,Inactive,Inactive,Inactive,Inactive,Inactive,Inactive,Inactive,Inactive,Inactive,Inactive
79,,08/04/2016,25-215,WAS,@,DET,Inactive,Inactive,Inactive,Inactive,Inactive,Inactive,Inactive,Inactive,Inactive,Inactive,Inactive,Inactive,Inactive,Inactive,Inactive,Inactive,Inactive,Inactive,Inactive,Inactive,Inactive,Inactive
80,,10/04/2016,25-217,WAS,,CHO,Inactive,Inactive,Inactive,Inactive,Inactive,Inactive,Inactive,Inactive,Inactive,Inactive,Inactive,Inactive,Inactive,Inactive,Inactive,Inactive,Inactive,Inactive,Inactive,Inactive,Inactive,Inactive
81,,11/04/2016,25-218,WAS,@,BRK,Inactive,Inactive,Inactive,Inactive,Inactive,Inactive,Inactive,Inactive,Inactive,Inactive,Inactive,Inactive,Inactive,Inactive,Inactive,Inactive,Inactive,Inactive,Inactive,Inactive,Inactive,Inactive
82,,13/04/2016,25-220,WAS,,ATL,Inactive,Inactive,Inactive,Inactive,Inactive,Inactive,Inactive,Inactive,Inactive,Inactive,Inactive,Inactive,Inactive,Inactive,Inactive,Inactive,Inactive,Inactive,Inactive,Inactive,Inactive,Inactive
1,1,27/10/2016,26-051,WAS,@,ATL,1,30:17:00,3,15,0.2,0,2,0,6,7,0.857,2,1,3,10,4,1,5,2,12,9.9,-9
2,2,30/10/2016,26-054,WAS,@,MEM,1,36:46:00,8,19,0.421,1,3,0.333,5,5,1,0,3,3,13,1,1,5,4,22,17,3
3,3,02/11/2016,26-057,WAS,,TOR,1,37:18:00,13,19,0.684,0,3,0,7,9,0.778,1,4,5,11,3,1,9,3,33,27.2,-1
4,4,04/11/2016,26-059,WAS,,ATL,1,32:52:00,7,17,0.412,1,2,0.5,6,8,0.75,3,7,10,6,2,0,2,3,21,18.3,2
5,,05/11/2016,26-060,WAS,@,ORL,Inactive,Inactive,Inactive,Inactive,Inactive,Inactive,Inactive,Inactive,Inactive,Inactive,Inactive,Inactive,Inactive,Inactive,Inactive,Inactive,Inactive,Inactive,Inactive,Inactive,Inactive,Inactive
6,5,07/11/2016,26-062,WAS,,HOU,1,35:15:00,9,16,0.563,1,2,0.5,2,2,1,1,4,5,9,2,0,6,2,21,16.8,-7
7,6,09/11/2016,26-064,WAS,,BOS,1,30:55:00,6,16,0.375,1,3,0.333,6,7,0.857,0,3,3,7,0,1,5,3,19,10.1,17
8,7,11/11/2016,26-066,WAS,,CLE,1,35:04:00,12,24,0.5,1,3,0.333,3,5,0.6,1,1,2,3,2,1,6,3,28,13.8,-18
9,,12/11/2016,26-067,WAS,@,CHI,Inactive,Inactive,Inactive,Inactive,Inactive,Inactive,Inactive,Inactive,Inactive,Inactive,Inactive,Inactive,Inactive,Inactive,Inactive,Inactive,Inactive,Inactive,Inactive,Inactive,Inactive,Inactive
10,8,16/11/2016,26-071,WAS,@,PHI,1,23:56,8,19,0.421,1,3,0.333,10,12,0.833,0,4,4,6,1,0,2,2,27,19.7,1
11,9,17/11/2016,26-072,WAS,,NYK,1,31:16:00,7,15,0.467,3,6,0.5,6,6,1,0,2,2,11,1,0,2,3,23,21.4,20
12,10,19/11/2016,26-074,WAS,,MIA,1,37:03:00,12,23,0.522,5,6,0.833,5,8,0.625,2,2,4,8,0,0,3,3,34,24.9,-4
13,11,21/11/2016,26-076,WAS,,PHO,1,38:03:00,6,24,0.25,1,5,0.2,5,5,1,2,2,4,15,4,3,2,3,18,19,0
14,12,25/11/2016,26-080,WAS,@,ORL,1,38:43:00,10,18,0.556,1,4,0.25,5,6,0.833,0,7,7,10,3,0,4,2,26,24.3,11
15,13,26/11/2016,26-081,WAS,,SAS,1,37:07:00,8,16,0.5,0,1,0,5,7,0.714,0,3,3,5,1,0,4,3,21,12.4,-9
16,14,28/11/2016,26-083,WAS,,SAC,1,42:32:00,6,16,0.375,1,3,0.333,6,6,1,0,5,5,11,3,1,11,2,19,11.3,0
17,15,30/11/2016,26-085,WAS,@,OKC,1,43:41:00,6,20,0.3,2,7,0.286,1,2,0.5,3,3,6,15,1,1,3,1,15,14.8,-11
18,16,02/12/2016,26-087,WAS,@,SAS,1,37:09:00,8,16,0.5,1,1,1,0,0,,0,2,2,15,3,0,3,1,17,19.7,7
19,17,05/12/2016,26-090,WAS,@,BRK,1,35:46:00,10,19,0.526,1,5,0.2,4,4,1,0,1,1,13,3,0,4,0,25,24.1,6
20,18,06/12/2016,26-091,WAS,,ORL,1,42:18:00,18,31,0.581,5,8,0.625,11,14,0.786,1,3,4,8,3,0,4,3,52,41.3,-1
21,19,08/12/2016,26-093,WAS,,DEN,1,38:01:00,5,14,0.357,0,4,0,5,6,0.833,1,6,7,5,3,1,5,2,15,10.7,9
22,20,10/12/2016,26-095,WAS,,MIL,1,38:43:00,8,20,0.4,1,4,0.25,7,8,0.875,0,4,4,11,2,1,4,3,24,19.2,0
23,21,12/12/2016,26-097,WAS,@,MIA,1,37:57:00,12,26,0.462,1,5,0.2,5,6,0.833,2,4,6,8,1,1,5,1,30,20.7,-14
24,22,14/12/2016,26-099,WAS,,CHO,1,36:12:00,9,19,0.474,0,2,0,7,8,0.875,2,4,6,10,6,0,8,2,25,21.7,4
25,23,16/12/2016,26-101,WAS,,DET,1,34:54:00,8,14,0.571,4,4,1,9,12,0.75,0,2,2,11,3,0,0,2,29,31.7,15
26,24,18/12/2016,26-103,WAS,,LAC,1,36:24:00,7,16,0.438,0,2,0,4,8,0.5,2,3,5,11,1,1,5,2,18,13.9,7
27,25,19/12/2016,26-104,WAS,@,IND,1,37:51:00,6,14,0.429,0,5,0,7,8,0.875,1,3,4,10,2,0,4,3,19,16.6,-2
28,26,21/12/2016,26-106,WAS,@,CHI,1,35:53:00,9,14,0.643,0,2,0,5,7,0.714,0,6,6,9,3,0,2,2,23,24.3,2
29,27,23/12/2016,26-108,WAS,@,MIL,1,31:54:00,8,18,0.444,0,3,0,2,2,1,0,3,3,10,1,0,2,0,18,15.5,-14
30,28,26/12/2016,26-111,WAS,,MIL,1,42:02:00,8,19,0.421,1,4,0.25,1,2,0.5,2,1,3,16,2,1,7,2,18,15.3,10
31,29,28/12/2016,26-113,WAS,,IND,1,38:45:00,11,19,0.579,2,3,0.667,12,13,0.923,2,9,11,9,2,0,5,4,36,32.5,5
32,30,30/12/2016,26-115,WAS,,BRK,1,31:53:00,7,14,0.5,1,4,0.25,4,4,1,0,2,2,14,4,1,6,1,19,20.7,12
33,31,02/01/2017,26-118,WAS,@,HOU,1,37:00:00,8,18,0.444,0,2,0,2,3,0.667,1,4,5,12,2,0,5,2,18,14.7,-13
34,32,03/01/2017,26-119,WAS,@,DAL,1,39:21:00,10,19,0.526,1,3,0.333,6,6,1,0,4,4,8,3,1,4,0,27,24.2,5
35,33,06/01/2017,26-122,WAS,,MIN,1,40:03:00,8,16,0.5,0,1,0,2,2,1,0,1,1,18,2,0,3,2,18,21.1,16
36,34,08/01/2017,26-124,WAS,@,MIL,1,36:48:00,7,15,0.467,0,3,0,2,2,1,0,3,3,7,1,0,5,1,16,9.7,11
37,35,10/01/2017,26-126,WAS,,CHI,1,40:10:00,11,21,0.524,1,2,0.5,3,4,0.75,0,6,6,14,1,1,5,2,26,22.8,24
38,36,11/01/2017,26-127,WAS,@,BOS,1,38:43:00,4,21,0.19,0,5,0,1,2,0.5,3,4,7,11,3,1,1,2,9,8.4,-2
39,37,14/01/2017,26-130,WAS,,PHI,1,30:02:00,9,17,0.529,3,4,0.75,4,5,0.8,2,5,7,7,2,0,3,1,25,22.7,16
40,38,16/01/2017,26-132,WAS,,POR,1,27:59:00,10,17,0.588,2,3,0.667,2,2,1,1,3,4,7,2,0,4,0,24,20.6,16
41,39,18/01/2017,26-134,WAS,,MEM,1,36:59:00,7,18,0.389,1,5,0.2,10,10,1,1,1,2,13,2,1,4,2,25,23.2,0
42,40,19/01/2017,26-135,WAS,@,NYK,1,37:12:00,11,21,0.524,1,3,0.333,6,8,0.75,0,5,5,13,3,0,2,2,29,28.7,11
43,41,21/01/2017,26-137,WAS,@,DET,1,38:39:00,6,15,0.4,0,2,0,7,9,0.778,2,5,7,10,2,0,4,3,19,16.8,-6
44,42,23/01/2017,26-139,WAS,@,CHO,1,37:58:00,9,20,0.45,0,1,0,6,7,0.857,0,4,4,7,1,0,5,2,24,14.5,6
45,43,24/01/2017,26-140,WAS,,BOS,1,37:43:00,11,20,0.55,1,2,0.5,4,5,0.8,0,7,7,7,3,1,4,2,27,22.9,17
46,44,27/01/2017,26-143,WAS,@,ATL,1,30:24:00,7,17,0.412,1,2,0.5,4,6,0.667,1,5,6,9,0,0,4,0,19,13.6,23
47,45,29/01/2017,26-145,WAS,@,NOP,1,37:05:00,8,19,0.421,0,3,0,2,4,0.5,0,1,1,19,2,1,3,2,18,19.6,7
48,46,31/01/2017,26-147,WAS,,NYK,1,33:57:00,6,18,0.333,1,2,0.5,2,3,0.667,2,2,4,13,0,0,2,2,15,12.7,22
49,47,02/02/2017,26-149,WAS,,LAL,1,40:35:00,11,23,0.478,3,7,0.429,8,10,0.8,1,2,3,11,2,1,3,2,33,28.4,8
50,48,04/02/2017,26-151,WAS,,NOP,1,37:47:00,8,19,0.421,2,7,0.286,6,8,0.75,1,2,3,13,5,1,4,1,24,24.8,7
51,49,06/02/2017,26-153,WAS,,CLE,1,44:28:00,8,19,0.421,0,3,0,6,6,1,0,4,4,12,1,0,6,2,22,15.7,-5
52,50,08/02/2017,26-155,WAS,@,BRK,1,45:56:00,7,24,0.292,1,4,0.25,8,10,0.8,1,5,6,12,1,2,3,2,23,17.4,7
53,51,10/02/2017,26-157,WAS,,IND,1,36:37:00,7,16,0.438,2,5,0.4,10,15,0.667,0,3,3,14,2,0,7,4,26,19.7,21
54,52,13/02/2017,26-160,WAS,,OKC,1,30:22:00,4,10,0.4,1,2,0.5,6,7,0.857,0,5,5,14,1,2,5,1,15,17.5,31
55,53,16/02/2017,26-163,WAS,@,IND,1,37:13:00,8,20,0.4,0,2,0,4,4,1,0,2,2,12,1,2,5,2,20,14.8,18
56,54,24/02/2017,26-171,WAS,@,PHI,1,40:54:00,8,21,0.381,0,3,0,13,14,0.929,2,6,8,14,0,2,6,2,29,24.7,-5
57,55,26/02/2017,26-173,WAS,,UTA,1,36:40:00,9,18,0.5,2,4,0.5,3,5,0.6,0,3,3,11,4,0,9,2,23,16,-7
58,56,28/02/2017,26-175,WAS,,GSW,1,39:32:00,6,20,0.3,0,1,0,0,0,,2,4,6,19,3,0,5,0,12,14.3,1
59,57,01/03/2017,26-176,WAS,@,TOR,1,34:28:00,4,12,0.333,0,2,0,4,4,1,1,3,4,13,0,1,3,1,12,13.2,0
60,58,03/03/2017,26-178,WAS,,TOR,1,38:13:00,9,24,0.375,4,8,0.5,8,10,0.8,2,6,8,7,1,3,1,3,30,25,6
61,59,05/03/2017,26-180,WAS,,ORL,1,37:18:00,6,17,0.353,1,3,0.333,6,7,0.857,0,6,6,10,0,1,4,1,19,14.2,-1
62,60,07/03/2017,26-182,WAS,@,PHO,1,37:19:00,9,20,0.45,0,3,0,7,12,0.583,1,3,4,14,3,2,3,1,25,25,9
63,61,08/03/2017,26-183,WAS,@,DEN,1,35:09:00,12,19,0.632,2,6,0.333,4,5,0.8,1,2,3,10,1,0,4,1,30,26,7
64,62,10/03/2017,26-185,WAS,@,SAC,1,40:39:00,11,25,0.44,1,4,0.25,2,2,1,0,4,4,12,2,0,2,0,25,21.5,15
65,63,11/03/2017,26-186,WAS,@,POR,1,40:21:00,13,23,0.565,3,5,0.6,10,12,0.833,0,2,2,9,0,1,5,0,39,29.9,8
66,64,13/03/2017,26-188,WAS,@,MIN,1,38:04:00,6,16,0.375,1,3,0.333,14,19,0.737,0,2,2,5,1,0,4,5,27,15.3,-20
67,65,15/03/2017,26-190,WAS,,DAL,1,36:27:00,10,20,0.5,2,5,0.4,4,6,0.667,0,1,1,11,3,0,3,1,26,22.8,5
68,66,17/03/2017,26-192,WAS,,CHI,1,33:39:00,4,13,0.308,1,3,0.333,5,6,0.833,0,0,0,20,1,1,2,2,14,19,12
69,67,18/03/2017,26-193,WAS,@,CHO,1,35:00:00,5,16,0.313,1,4,0.25,8,11,0.727,1,3,4,8,1,2,3,1,19,14.8,-10
70,68,20/03/2017,26-195,WAS,@,BOS,1,33:54:00,4,10,0.4,0,3,0,8,9,0.889,0,4,4,8,3,0,5,1,16,14.6,-21
71,69,22/03/2017,26-197,WAS,,ATL,1,34:14:00,6,21,0.286,1,6,0.167,9,12,0.75,0,2,2,10,4,2,4,3,22,16.3,-5
72,70,24/03/2017,26-199,WAS,,BRK,1,23:58,9,16,0.563,0,2,0,4,4,1,1,3,4,9,1,0,3,2,22,19.5,-2
73,71,25/03/2017,26-200,WAS,@,CLE,1,37:11:00,14,21,0.667,2,2,1,7,8,0.875,1,3,4,11,2,1,3,2,37,35.7,12
74,72,28/03/2017,26-203,WAS,@,LAL,1,36:42:00,14,25,0.56,1,4,0.25,5,5,1,0,3,3,14,4,0,3,3,34,32.6,11
75,73,29/03/2017,26-204,WAS,@,LAC,1,38:49:00,16,23,0.696,1,3,0.333,8,11,0.727,2,5,7,8,3,0,6,5,41,33.6,-9
76,74,31/03/2017,26-206,WAS,@,UTA,1,37:55:00,6,22,0.273,1,3,0.333,3,4,0.75,1,3,4,5,1,0,2,1,16,6.3,-19
77,75,02/04/2017,26-208,WAS,@,GSW,1,26:43:00,4,11,0.364,0,1,0,7,8,0.875,0,4,4,11,1,0,3,0,15,15.4,-14
78,76,04/04/2017,26-210,WAS,,CHO,1,35:25:00,8,16,0.5,3,4,0.75,4,5,0.8,0,1,1,13,6,0,5,3,23,23.8,-6
79,77,06/04/2017,26-212,WAS,@,NYK,1,31:35:00,9,15,0.6,4,5,0.8,2,6,0.333,0,1,1,8,1,1,2,3,24,19.9,6
80,78,08/04/2017,26-214,WAS,,MIA,1,35:52:00,5,18,0.278,1,3,0.333,5,7,0.714,0,6,6,8,2,2,8,2,16,6.6,-7
81,,10/04/2017,26-216,WAS,@,DET,Inactive,Inactive,Inactive,Inactive,Inactive,Inactive,Inactive,Inactive,Inactive,Inactive,Inactive,Inactive,Inactive,Inactive,Inactive,Inactive,Inactive,Inactive,Inactive,Inactive,Inactive,Inactive
82,,12/04/2017,26-218,WAS,@,MIA,Did Not Play,Did Not Play,Did Not Play,Did Not Play,Did Not Play,Did Not Play,Did Not Play,Did Not Play,Did Not Play,Did Not Play,Did Not Play,Did Not Play,Did Not Play,Did Not Play,Did Not Play,Did Not Play,Did Not Play,Did Not Play,Did Not Play,Did Not Play,Did Not Play,Did Not Play
1,1,18/10/2017,27-042,WAS,,PHI,1,37:09:00,10,28,0.357,0,3,0,8,9,0.889,2,3,5,8,0,2,2,2,28,18.5,19
2,2,20/10/2017,27-044,WAS,,DET,1,33:34:00,8,12,0.667,1,3,0.333,9,11,0.818,0,3,3,10,1,2,8,1,26,21.9,4
3,3,23/10/2017,27-047,WAS,@,DEN,1,35:02:00,3,13,0.231,0,3,0,13,15,0.867,0,1,1,12,2,1,2,2,19,18.9,5
4,4,25/10/2017,27-049,WAS,@,LAL,1,40:32:00,7,22,0.318,1,5,0.2,3,4,0.75,0,3,3,9,1,0,4,1,18,8.8,-12
5,5,27/10/2017,27-051,WAS,@,GSW,1,37:43:00,7,20,0.35,2,7,0.286,4,6,0.667,0,2,2,14,1,1,4,3,20,14.9,6
6,6,29/10/2017,27-053,WAS,@,SAC,1,26:23:00,7,12,0.583,5,6,0.833,0,0,,1,1,2,9,1,1,6,0,19,16.4,26
7,7,01/11/2017,27-056,WAS,,PHO,1,35:57:00,10,18,0.556,1,4,0.25,0,4,0,0,5,5,6,3,1,4,5,21,14.2,4
8,8,03/11/2017,27-058,WAS,,CLE,1,38:28:00,4,13,0.308,0,3,0,5,12,0.417,0,6,6,15,1,1,1,0,13,15.7,-8
9,,05/11/2017,27-060,WAS,@,TOR,Inactive,Inactive,Inactive,Inactive,Inactive,Inactive,Inactive,Inactive,Inactive,Inactive,Inactive,Inactive,Inactive,Inactive,Inactive,Inactive,Inactive,Inactive,Inactive,Inactive,Inactive,Inactive
10,9,07/11/2017,27-062,WAS,,DAL,1,37:13:00,5,10,0.5,0,1,0,13,18,0.722,0,3,3,14,1,1,4,3,23,23.2,-12
11,10,09/11/2017,27-064,WAS,,LAL,1,31:30:00,8,18,0.444,0,2,0,7,7,1,1,7,8,5,2,3,2,3,23,20.8,21
12,11,11/11/2017,27-066,WAS,,ATL,1,24:08:00,4,8,0.5,0,1,0,5,6,0.833,0,5,5,5,1,2,2,4,13,12.4,9
13,12,13/11/2017,27-068,WAS,,SAC,1,27:26:00,8,10,0.8,4,4,1,1,1,1,0,2,2,9,1,0,2,2,21,22.3,23
14,13,15/11/2017,27-070,WAS,@,MIA,1,37:40:00,9,21,0.429,2,3,0.667,7,8,0.875,1,3,4,6,1,2,1,2,27,21.9,18
15,14,17/11/2017,27-072,WAS,,MIA,1,35:15:00,3,12,0.25,2,7,0.286,0,0,,0,3,3,8,0,0,3,1,8,3.9,-5
16,,19/11/2017,27-074,WAS,@,TOR,Did Not Dress,Did Not Dress,Did Not Dress,Did Not Dress,Did Not Dress,Did Not Dress,Did Not Dress,Did Not Dress,Did Not Dress,Did Not Dress,Did Not Dress,Did Not Dress,Did Not Dress,Did Not Dress,Did Not Dress,Did Not Dress,Did Not Dress,Did Not Dress,Did Not Dress,Did Not Dress,Did Not Dress,Did Not Dress
17,15,20/11/2017,27-075,WAS,@,MIL,1,31:10:00,5,13,0.385,1,3,0.333,4,5,0.8,0,1,1,6,0,0,2,1,15,9.6,3
18,16,22/11/2017,27-077,WAS,@,CHO,1,41:08:00,13,26,0.5,0,5,0,5,6,0.833,1,0,1,11,1,1,1,4,31,25.1,-2
19,,25/11/2017,27-080,WAS,,POR,Inactive,Inactive,Inactive,Inactive,Inactive,Inactive,Inactive,Inactive,Inactive,Inactive,Inactive,Inactive,Inactive,Inactive,Inactive,Inactive,Inactive,Inactive,Inactive,Inactive,Inactive,Inactive
20,,28/11/2017,27-083,WAS,@,MIN,Inactive,Inactive,Inactive,Inactive,Inactive,Inactive,Inactive,Inactive,Inactive,Inactive,Inactive,Inactive,Inactive,Inactive,Inactive,Inactive,Inactive,Inactive,Inactive,Inactive,Inactive,Inactive
21,,29/11/2017,27-084,WAS,@,PHI,Inactive,Inactive,Inactive,Inactive,Inactive,Inactive,Inactive,Inactive,Inactive,Inactive,Inactive,Inactive,Inactive,Inactive,Inactive,Inactive,Inactive,Inactive,Inactive,Inactive,Inactive,Inactive
22,,01/12/2017,27-086,WAS,,DET,Inactive,Inactive,Inactive,Inactive,Inactive,Inactive,Inactive,Inactive,Inactive,Inactive,Inactive,Inactive,Inactive,Inactive,Inactive,Inactive,Inactive,Inactive,Inactive,Inactive,Inactive,Inactive
23,,04/12/2017,27-089,WAS,@,UTA,Inactive,Inactive,Inactive,Inactive,Inactive,Inactive,Inactive,Inactive,Inactive,Inactive,Inactive,Inactive,Inactive,Inactive,Inactive,Inactive,Inactive,Inactive,Inactive,Inactive,Inactive,Inactive
24,,05/12/2017,27-090,WAS,@,POR,Inactive,Inactive,Inactive,Inactive,Inactive,Inactive,Inactive,Inactive,Inactive,Inactive,Inactive,Inactive,Inactive,Inactive,Inactive,Inactive,Inactive,Inactive,Inactive,Inactive,Inactive,Inactive
25,,07/12/2017,27-092,WAS,@,PHO,Inactive,Inactive,Inactive,Inactive,Inactive,Inactive,Inactive,Inactive,Inactive,Inactive,Inactive,Inactive,Inactive,Inactive,Inactive,Inactive,Inactive,Inactive,Inactive,Inactive,Inactive,Inactive
26,,09/12/2017,27-094,WAS,@,LAC,Inactive,Inactive,Inactive,Inactive,Inactive,Inactive,Inactive,Inactive,Inactive,Inactive,Inactive,Inactive,Inactive,Inactive,Inactive,Inactive,Inactive,Inactive,Inactive,Inactive,Inactive,Inactive
27,,12/12/2017,27-097,WAS,@,BRK,Did Not Dress,Did Not Dress,Did Not Dress,Did Not Dress,Did Not Dress,Did Not Dress,Did Not Dress,Did Not Dress,Did Not Dress,Did Not Dress,Did Not Dress,Did Not Dress,Did Not Dress,Did Not Dress,Did Not Dress,Did Not Dress,Did Not Dress,Did Not Dress,Did Not Dress,Did Not Dress,Did Not Dress,Did Not Dress
28,17,13/12/2017,27-098,WAS,,MEM,1,27:37:00,6,15,0.4,1,3,0.333,0,4,0,0,1,1,4,2,1,2,2,13,6.3,11
29,18,15/12/2017,27-100,WAS,,LAC,1,29:37:00,5,16,0.313,1,6,0.167,4,7,0.571,0,6,6,5,2,2,5,3,15,7.1,4
30,19,17/12/2017,27-102,WAS,,CLE,1,32:01:00,6,16,0.375,2,5,0.4,1,2,0.5,2,8,10,6,1,2,3,0,15,13.2,-2
31,20,19/12/2017,27-104,WAS,,NOP,1,33:29:00,6,18,0.333,4,8,0.5,2,4,0.5,2,4,6,10,1,0,5,2,18,11.8,4
32,21,22/12/2017,27-107,WAS,@,BRK,1,16:22,4,11,0.364,1,2,0.5,1,1,1,1,1,2,4,0,0,0,0,10,7.7,-21
33,22,23/12/2017,27-108,WAS,,ORL,1,30:50:00,3,9,0.333,2,4,0.5,2,3,0.667,0,3,3,13,1,1,6,1,10,9.8,11
34,23,25/12/2017,27-110,WAS,@,BOS,1,38:52:00,8,19,0.421,0,3,0,5,7,0.714,1,4,5,14,1,0,1,3,21,20.6,15
35,24,27/12/2017,27-112,WAS,@,ATL,1,33:32:00,3,9,0.333,0,2,0,4,7,0.571,0,1,1,11,0,0,2,3,10,8.5,-16
36,25,29/12/2017,27-114,WAS,,HOU,1,31:22:00,7,10,0.7,2,4,0.5,1,2,0.5,0,2,2,4,5,0,4,3,17,15.6,11
37,26,31/12/2017,27-116,WAS,,CHI,1,40:46:00,6,20,0.3,2,7,0.286,7,9,0.778,2,5,7,9,1,4,3,4,21,17,10
38,27,03/01/2018,27-119,WAS,,NYK,1,34:21:00,9,18,0.5,1,3,0.333,6,9,0.667,1,2,3,9,1,1,3,0,25,21.1,27
39,28,05/01/2018,27-121,WAS,@,MEM,1,36:07:00,8,16,0.5,3,5,0.6,6,8,0.75,2,1,3,9,4,1,4,0,25,24.9,2
40,29,06/01/2018,27-122,WAS,,MIL,1,41:56:00,5,19,0.263,1,2,0.5,5,6,0.833,0,3,3,16,1,1,6,2,16,11.3,1
41,30,10/01/2018,27-126,WAS,,UTA,1,42:20:00,14,27,0.519,3,6,0.5,4,7,0.571,2,4,6,11,3,1,8,1,35,26.1,-3
42,31,12/01/2018,27-128,WAS,,ORL,1,36:15:00,13,21,0.619,1,2,0.5,3,5,0.6,0,3,3,9,1,3,4,1,30,25.6,-3
43,32,13/01/2018,27-129,WAS,,BRK,1,39:53:00,9,24,0.375,0,2,0,5,6,0.833,0,3,3,16,2,0,8,1,23,15.1,6
44,33,15/01/2018,27-131,WAS,,MIL,1,41:04:00,7,22,0.318,1,3,0.333,12,13,0.923,0,4,4,9,3,2,4,2,27,21.1,-4
45,34,17/01/2018,27-133,WAS,@,CHO,1,24:20:00,5,11,0.455,2,2,1,0,0,,0,2,2,9,0,2,3,2,12,10.8,-20
46,35,19/01/2018,27-135,WAS,@,DET,1,37:19:00,6,15,0.4,2,5,0.4,2,3,0.667,0,3,3,11,1,0,5,2,16,11.3,5
47,36,22/01/2018,27-138,WAS,@,DAL,1,35:43:00,4,16,0.25,0,4,0,3,4,0.75,1,3,4,5,0,2,4,1,11,3.1,0
48,37,25/01/2018,27-141,WAS,@,OKC,1,35:16:00,7,16,0.438,5,10,0.5,2,2,1,0,1,1,12,2,1,5,2,21,18.2,1
49,,27/01/2018,27-143,WAS,@,ATL,Inactive,Inactive,Inactive,Inactive,Inactive,Inactive,Inactive,Inactive,Inactive,Inactive,Inactive,Inactive,Inactive,Inactive,Inactive,Inactive,Inactive,Inactive,Inactive,Inactive,Inactive,Inactive
50,,30/01/2018,27-146,WAS,,OKC,Inactive,Inactive,Inactive,Inactive,Inactive,Inactive,Inactive,Inactive,Inactive,Inactive,Inactive,Inactive,Inactive,Inactive,Inactive,Inactive,Inactive,Inactive,Inactive,Inactive,Inactive,Inactive
51,,01/02/2018,27-148,WAS,,TOR,Inactive,Inactive,Inactive,Inactive,Inactive,Inactive,Inactive,Inactive,Inactive,Inactive,Inactive,Inactive,Inactive,Inactive,Inactive,Inactive,Inactive,Inactive,Inactive,Inactive,Inactive,Inactive
52,,03/02/2018,27-150,WAS,@,ORL,Inactive,Inactive,Inactive,Inactive,Inactive,Inactive,Inactive,Inactive,Inactive,Inactive,Inactive,Inactive,Inactive,Inactive,Inactive,Inactive,Inactive,Inactive,Inactive,Inactive,Inactive,Inactive
53,,05/02/2018,27-152,WAS,@,IND,Inactive,Inactive,Inactive,Inactive,Inactive,Inactive,Inactive,Inactive,Inactive,Inactive,Inactive,Inactive,Inactive,Inactive,Inactive,Inactive,Inactive,Inactive,Inactive,Inactive,Inactive,Inactive
54,,06/02/2018,27-153,WAS,@,PHI,Inactive,Inactive,Inactive,Inactive,Inactive,Inactive,Inactive,Inactive,Inactive,Inactive,Inactive,Inactive,Inactive,Inactive,Inactive,Inactive,Inactive,Inactive,Inactive,Inactive,Inactive,Inactive
55,,08/02/2018,27-155,WAS,,BOS,Inactive,Inactive,Inactive,Inactive,Inactive,Inactive,Inactive,Inactive,Inactive,Inactive,Inactive,Inactive,Inactive,Inactive,Inactive,Inactive,Inactive,Inactive,Inactive,Inactive,Inactive,Inactive
56,,10/02/2018,27-157,WAS,@,CHI,Inactive,Inactive,Inactive,Inactive,Inactive,Inactive,Inactive,Inactive,Inactive,Inactive,Inactive,Inactive,Inactive,Inactive,Inactive,Inactive,Inactive,Inactive,Inactive,Inactive,Inactive,Inactive
57,,14/02/2018,27-161,WAS,@,NYK,Inactive,Inactive,Inactive,Inactive,Inactive,Inactive,Inactive,Inactive,Inactive,Inactive,Inactive,Inactive,Inactive,Inactive,Inactive,Inactive,Inactive,Inactive,Inactive,Inactive,Inactive,Inactive
58,,22/02/2018,27-169,WAS,@,CLE,Inactive,Inactive,Inactive,Inactive,Inactive,Inactive,Inactive,Inactive,Inactive,Inactive,Inactive,Inactive,Inactive,Inactive,Inactive,Inactive,Inactive,Inactive,Inactive,Inactive,Inactive,Inactive
59,,23/02/2018,27-170,WAS,,CHO,Inactive,Inactive,Inactive,Inactive,Inactive,Inactive,Inactive,Inactive,Inactive,Inactive,Inactive,Inactive,Inactive,Inactive,Inactive,Inactive,Inactive,Inactive,Inactive,Inactive,Inactive,Inactive
60,,25/02/2018,27-172,WAS,,PHI,Inactive,Inactive,Inactive,Inactive,Inactive,Inactive,Inactive,Inactive,Inactive,Inactive,Inactive,Inactive,Inactive,Inactive,Inactive,Inactive,Inactive,Inactive,Inactive,Inactive,Inactive,Inactive
61,,27/02/2018,27-174,WAS,@,MIL,Inactive,Inactive,Inactive,Inactive,Inactive,Inactive,Inactive,Inactive,Inactive,Inactive,Inactive,Inactive,Inactive,Inactive,Inactive,Inactive,Inactive,Inactive,Inactive,Inactive,Inactive,Inactive
62,,28/02/2018,27-175,WAS,,GSW,Inactive,Inactive,Inactive,Inactive,Inactive,Inactive,Inactive,Inactive,Inactive,Inactive,Inactive,Inactive,Inactive,Inactive,Inactive,Inactive,Inactive,Inactive,Inactive,Inactive,Inactive,Inactive
63,,02/03/2018,27-177,WAS,,TOR,Inactive,Inactive,Inactive,Inactive,Inactive,Inactive,Inactive,Inactive,Inactive,Inactive,Inactive,Inactive,Inactive,Inactive,Inactive,Inactive,Inactive,Inactive,Inactive,Inactive,Inactive,Inactive
64,,04/03/2018,27-179,WAS,,IND,Inactive,Inactive,Inactive,Inactive,Inactive,Inactive,Inactive,Inactive,Inactive,Inactive,Inactive,Inactive,Inactive,Inactive,Inactive,Inactive,Inactive,Inactive,Inactive,Inactive,Inactive,Inactive
65,,06/03/2018,27-181,WAS,,MIA,Inactive,Inactive,Inactive,Inactive,Inactive,Inactive,Inactive,Inactive,Inactive,Inactive,Inactive,Inactive,Inactive,Inactive,Inactive,Inactive,Inactive,Inactive,Inactive,Inactive,Inactive,Inactive
66,,09/03/2018,27-184,WAS,@,NOP,Inactive,Inactive,Inactive,Inactive,Inactive,Inactive,Inactive,Inactive,Inactive,Inactive,Inactive,Inactive,Inactive,Inactive,Inactive,Inactive,Inactive,Inactive,Inactive,Inactive,Inactive,Inactive
67,,10/03/2018,27-185,WAS,@,MIA,Inactive,Inactive,Inactive,Inactive,Inactive,Inactive,Inactive,Inactive,Inactive,Inactive,Inactive,Inactive,Inactive,Inactive,Inactive,Inactive,Inactive,Inactive,Inactive,Inactive,Inactive,Inactive
68,,13/03/2018,27-188,WAS,,MIN,Inactive,Inactive,Inactive,Inactive,Inactive,Inactive,Inactive,Inactive,Inactive,Inactive,Inactive,Inactive,Inactive,Inactive,Inactive,Inactive,Inactive,Inactive,Inactive,Inactive,Inactive,Inactive
69,,14/03/2018,27-189,WAS,@,BOS,Inactive,Inactive,Inactive,Inactive,Inactive,Inactive,Inactive,Inactive,Inactive,Inactive,Inactive,Inactive,Inactive,Inactive,Inactive,Inactive,Inactive,Inactive,Inactive,Inactive,Inactive,Inactive
70,,17/03/2018,27-192,WAS,,IND,Inactive,Inactive,Inactive,Inactive,Inactive,Inactive,Inactive,Inactive,Inactive,Inactive,Inactive,Inactive,Inactive,Inactive,Inactive,Inactive,Inactive,Inactive,Inactive,Inactive,Inactive,Inactive
71,,21/03/2018,27-196,WAS,@,SAS,Inactive,Inactive,Inactive,Inactive,Inactive,Inactive,Inactive,Inactive,Inactive,Inactive,Inactive,Inactive,Inactive,Inactive,Inactive,Inactive,Inactive,Inactive,Inactive,Inactive,Inactive,Inactive
72,,23/03/2018,27-198,WAS,,DEN,Inactive,Inactive,Inactive,Inactive,Inactive,Inactive,Inactive,Inactive,Inactive,Inactive,Inactive,Inactive,Inactive,Inactive,Inactive,Inactive,Inactive,Inactive,Inactive,Inactive,Inactive,Inactive
73,,25/03/2018,27-200,WAS,,NYK,Inactive,Inactive,Inactive,Inactive,Inactive,Inactive,Inactive,Inactive,Inactive,Inactive,Inactive,Inactive,Inactive,Inactive,Inactive,Inactive,Inactive,Inactive,Inactive,Inactive,Inactive,Inactive
74,,27/03/2018,27-202,WAS,,SAS,Inactive,Inactive,Inactive,Inactive,Inactive,Inactive,Inactive,Inactive,Inactive,Inactive,Inactive,Inactive,Inactive,Inactive,Inactive,Inactive,Inactive,Inactive,Inactive,Inactive,Inactive,Inactive
75,,29/03/2018,27-204,WAS,@,DET,Did Not Dress,Did Not Dress,Did Not Dress,Did Not Dress,Did Not Dress,Did Not Dress,Did Not Dress,Did Not Dress,Did Not Dress,Did Not Dress,Did Not Dress,Did Not Dress,Did Not Dress,Did Not Dress,Did Not Dress,Did Not Dress,Did Not Dress,Did Not Dress,Did Not Dress,Did Not Dress,Did Not Dress,Did Not Dress
76,38,31/03/2018,27-206,WAS,,CHO,1,33:09:00,6,17,0.353,2,6,0.333,1,1,1,2,1,3,14,1,0,4,2,15,13.2,16
77,,01/04/2018,27-207,WAS,@,CHI,Did Not Play,Did Not Play,Did Not Play,Did Not Play,Did Not Play,Did Not Play,Did Not Play,Did Not Play,Did Not Play,Did Not Play,Did Not Play,Did Not Play,Did Not Play,Did Not Play,Did Not Play,Did Not Play,Did Not Play,Did Not Play,Did Not Play,Did Not Play,Did Not Play,Did Not Play
78,39,03/04/2018,27-209,WAS,@,HOU,1,32:39:00,3,10,0.3,1,3,0.333,2,4,0.5,0,4,4,10,1,0,8,2,9,2.8,-18
79,40,05/04/2018,27-211,WAS,@,CLE,1,38:17:00,10,20,0.5,2,5,0.4,6,6,1,0,4,4,14,3,0,6,2,28,25.2,-12
80,,06/04/2018,27-212,WAS,,ATL,Inactive,Inactive,Inactive,Inactive,Inactive,Inactive,Inactive,Inactive,Inactive,Inactive,Inactive,Inactive,Inactive,Inactive,Inactive,Inactive,Inactive,Inactive,Inactive,Inactive,Inactive,Inactive
81,41,10/04/2018,27-216,WAS,,BOS,1,36:25:00,9,16,0.563,4,5,0.8,7,9,0.778,0,7,7,12,3,3,7,5,29,27.2,3
82,,11/04/2018,27-217,WAS,@,ORL,Inactive,Inactive,Inactive,Inactive,Inactive,Inactive,Inactive,Inactive,Inactive,Inactive,Inactive,Inactive,Inactive,Inactive,Inactive,Inactive,Inactive,Inactive,Inactive,Inactive,Inactive,Inactive
